"h_benchmark_fondos","j_link_cnbv","i_benchmark_morningstar","l_link_yahoofinanzas1","a_emisora","m_link_yahoofinanzas2","d_adquiriente","e_cat_cnbv","k_link_morningstar","g_fecha_inicio","f_cat_fondos","c_familia","b_clas_cnbv"
"BMV IPC PR MXN","http://lt.morningstar.com/7ap7omrzjm/snapshot/snapshot.aspx?id=F00000W5D8&SecurityToken=F00000W5D8%5d2%5d0%5dFOMEX%24%24ALL_1414&clearcache=true&ClientFund=0&LanguageId=es-MX&CurrencyId=MXN&UniverseId=FOMEX%24%24ALL_1414&BaseCurrencyId=MXN",,"https://es-us.finanzas.yahoo.com/q/hp?s=CIBOLSBF7.MX","+CIBOLS BF-7","https://es-us.finanzas.yahoo.com/q/hp?s=CIBOLSBF-7.MX","Personas físicas","Mixtos Agresivos","http://www.morningstar.com.mx/mx/funds/snapshot/snapshot.aspx?id=F00000W5D8","09/07/2015","-",,"Común - Agresivo"
"FTSE-PiP Fondeo G 24hrs","http://lt.morningstar.com/7ap7omrzjm/snapshot/snapshot.aspx?id=F000001ZJ2&SecurityToken=F000001ZJ2%5d2%5d1%5dFOMEX%24%24ALL_1414&clearcache=true&ClientFund=1&LanguageId=es-MX&CurrencyId=MXN&UniverseId=FOMEX%24%24ALL_1414&BaseCurrencyId=MXN",,"https://es-us.finanzas.yahoo.com/q/hp?s=CIGUBBE1.MX","+CIGUB BE-1","https://es-us.finanzas.yahoo.com/q/hp?s=CIGUBBE-1.MX","No contribuyentes","Deuda Gubernamental - Corto Plazo","http://www.morningstar.com.mx/mx/funds/snapshot/snapshot.aspx?id=F000001ZJ2","05/11/2001","Deuda",,"Deuda PM - Espec. en papel gubernamental"
"FTSE-PiP Fondeo G 24hrs","http://lt.morningstar.com/7ap7omrzjm/snapshot/snapshot.aspx?id=F00000QAGK&SecurityToken=F00000QAGK%5d2%5d1%5dFOMEX%24%24ALL_1414&clearcache=true&ClientFund=1&LanguageId=es-MX&CurrencyId=MXN&UniverseId=FOMEX%24%24ALL_1414&BaseCurrencyId=MXN",,"https://es-us.finanzas.yahoo.com/q/hp?s=CIGUBBE2.MX","+CIGUB BE-2","https://es-us.finanzas.yahoo.com/q/hp?s=CIGUBBE-2.MX","No contribuyentes","Deuda Gubernamental - Corto Plazo","http://www.morningstar.com.mx/mx/funds/snapshot/snapshot.aspx?id=F00000QAGK","05/08/2013","Deuda",,"Deuda PM - Espec. en papel gubernamental"
"FTSE-PiP Fondeo G 24hrs","http://lt.morningstar.com/7ap7omrzjm/snapshot/snapshot.aspx?id=F00000MEPV&SecurityToken=F00000MEPV%5d2%5d1%5dFOMEX%24%24ALL_1414&clearcache=true&ClientFund=1&LanguageId=es-MX&CurrencyId=MXN&UniverseId=FOMEX%24%24ALL_1414&BaseCurrencyId=MXN",,"https://es-us.finanzas.yahoo.com/q/hp?s=CIGUBBE3.MX","+CIGUB BE-3","https://es-us.finanzas.yahoo.com/q/hp?s=CIGUBBE-3.MX","No contribuyentes","Deuda Gubernamental - Corto Plazo","http://www.morningstar.com.mx/mx/funds/snapshot/snapshot.aspx?id=F00000MEPV","02/05/2011","Deuda",,"Deuda PM - Espec. en papel gubernamental"
"FTSE-PiP Fondeo G 24hrs","http://lt.morningstar.com/7ap7omrzjm/snapshot/snapshot.aspx?id=F000002MWZ&SecurityToken=F000002MWZ%5d2%5d1%5dFOMEX%24%24ALL_1414&clearcache=true&ClientFund=1&LanguageId=es-MX&CurrencyId=MXN&UniverseId=FOMEX%24%24ALL_1414&BaseCurrencyId=MXN",,"https://es-us.finanzas.yahoo.com/q/hp?s=CIGUBBE5.MX","+CIGUB BE-5","https://es-us.finanzas.yahoo.com/q/hp?s=CIGUBBE-5.MX","No contribuyentes","Deuda Gubernamental - Corto Plazo","http://www.morningstar.com.mx/mx/funds/snapshot/snapshot.aspx?id=F000002MWZ","30/01/2009","Deuda",,"Deuda PM - Espec. en papel gubernamental"
"FTSE-PiP Fondeo G 24hrs","http://lt.morningstar.com/7ap7omrzjm/snapshot/snapshot.aspx?id=F00000VPQI&SecurityToken=F00000VPQI%5d2%5d0%5dFOMEX%24%24ALL_1414&clearcache=true&ClientFund=0&LanguageId=es-MX&CurrencyId=MXN&UniverseId=FOMEX%24%24ALL_1414&BaseCurrencyId=MXN",,"https://es-us.finanzas.yahoo.com/q/hp?s=CIGUBBF0.MX","+CIGUB BF-0","https://es-us.finanzas.yahoo.com/q/hp?s=CIGUBBF-0.MX","Fondo de fondos","Deuda Gubernamental - Corto Plazo","http://www.morningstar.com.mx/mx/funds/snapshot/snapshot.aspx?id=F00000VPQI","10/03/2015","-",,"Deuda PM - Espec. en papel gubernamental"
"FTSE-PiP Fondeo G 24hrs","http://lt.morningstar.com/7ap7omrzjm/snapshot/snapshot.aspx?id=F00000VPQJ&SecurityToken=F00000VPQJ%5d2%5d0%5dFOMEX%24%24ALL_1414&clearcache=true&ClientFund=0&LanguageId=es-MX&CurrencyId=MXN&UniverseId=FOMEX%24%24ALL_1414&BaseCurrencyId=MXN",,"https://es-us.finanzas.yahoo.com/q/hp?s=CIGUBBF4.MX","+CIGUB BF-4","https://es-us.finanzas.yahoo.com/q/hp?s=CIGUBBF-4.MX","Personas físicas","Deuda Gubernamental - Corto Plazo","http://www.morningstar.com.mx/mx/funds/snapshot/snapshot.aspx?id=F00000VPQJ","24/03/2015","-",,"Deuda PM - Espec. en papel gubernamental"
"FTSE-PiP Fondeo G 24hrs","http://lt.morningstar.com/7ap7omrzjm/snapshot/snapshot.aspx?id=F000002MX1&SecurityToken=F000002MX1%5d2%5d1%5dFOMEX%24%24ALL_1414&clearcache=true&ClientFund=1&LanguageId=es-MX&CurrencyId=MXN&UniverseId=FOMEX%24%24ALL_1414&BaseCurrencyId=MXN",,"https://es-us.finanzas.yahoo.com/q/hp?s=CIGUBBF5.MX","+CIGUB BF-5","https://es-us.finanzas.yahoo.com/q/hp?s=CIGUBBF-5.MX","Personas físicas","Deuda Gubernamental - Corto Plazo","http://www.morningstar.com.mx/mx/funds/snapshot/snapshot.aspx?id=F000002MX1","30/01/2009","Deuda",,"Deuda PM - Espec. en papel gubernamental"
"FTSE-PiP Fondeo G 24hrs","http://lt.morningstar.com/7ap7omrzjm/snapshot/snapshot.aspx?id=F000002DRH&SecurityToken=F000002DRH%5d2%5d1%5dFOMEX%24%24ALL_1414&clearcache=true&ClientFund=1&LanguageId=es-MX&CurrencyId=MXN&UniverseId=FOMEX%24%24ALL_1414&BaseCurrencyId=MXN",,"https://es-us.finanzas.yahoo.com/q/hp?s=CIGUBBF7.MX","+CIGUB BF-7","https://es-us.finanzas.yahoo.com/q/hp?s=CIGUBBF-7.MX","Personas físicas","Deuda Gubernamental - Corto Plazo","http://www.morningstar.com.mx/mx/funds/snapshot/snapshot.aspx?id=F000002DRH","03/03/2008","Deuda",,"Deuda PM - Espec. en papel gubernamental"
"FTSE-PiP Fondeo G 24hrs","http://lt.morningstar.com/7ap7omrzjm/snapshot/snapshot.aspx?id=F00000NRBT&SecurityToken=F00000NRBT%5d2%5d0%5dFOMEX%24%24ALL_1414&clearcache=true&ClientFund=0&LanguageId=es-MX&CurrencyId=MXN&UniverseId=FOMEX%24%24ALL_1414&BaseCurrencyId=MXN",,"https://es-us.finanzas.yahoo.com/q/hp?s=CIGUBBM0.MX","+CIGUB BM-0","https://es-us.finanzas.yahoo.com/q/hp?s=CIGUBBM-0.MX","Fondo de fondos","Deuda Gubernamental - Corto Plazo","http://www.morningstar.com.mx/mx/funds/snapshot/snapshot.aspx?id=F00000NRBT","15/02/2012","-",,"Deuda PM - Espec. en papel gubernamental"
"FTSE-PiP Fondeo G 24hrs","http://lt.morningstar.com/7ap7omrzjm/snapshot/snapshot.aspx?id=F00000S7NB&SecurityToken=F00000S7NB%5d2%5d1%5dFOMEX%24%24ALL_1414&clearcache=true&ClientFund=1&LanguageId=es-MX&CurrencyId=MXN&UniverseId=FOMEX%24%24ALL_1414&BaseCurrencyId=MXN",,"https://es-us.finanzas.yahoo.com/q/hp?s=CIGUBBM2.MX","+CIGUB BM-2","https://es-us.finanzas.yahoo.com/q/hp?s=CIGUBBM-2.MX","Personas morales","Deuda Gubernamental - Corto Plazo","http://www.morningstar.com.mx/mx/funds/snapshot/snapshot.aspx?id=F00000S7NB","03/12/2013","Deuda",,"Deuda PM - Espec. en papel gubernamental"
"FTSE-PiP Fondeo G 24hrs","http://lt.morningstar.com/7ap7omrzjm/snapshot/snapshot.aspx?id=F000001ZIQ&SecurityToken=F000001ZIQ%5d2%5d1%5dFOMEX%24%24ALL_1414&clearcache=true&ClientFund=1&LanguageId=es-MX&CurrencyId=MXN&UniverseId=FOMEX%24%24ALL_1414&BaseCurrencyId=MXN",,"https://es-us.finanzas.yahoo.com/q/hp?s=CIGUBBM3.MX","+CIGUB BM-3","https://es-us.finanzas.yahoo.com/q/hp?s=CIGUBBM-3.MX","Personas morales","Deuda Gubernamental - Corto Plazo","http://www.morningstar.com.mx/mx/funds/snapshot/snapshot.aspx?id=F000001ZIQ","03/03/2008","Deuda",,"Deuda PM - Espec. en papel gubernamental"
"FTSE-PiP Fondeo G 24hrs","http://lt.morningstar.com/7ap7omrzjm/snapshot/snapshot.aspx?id=F000002MX2&SecurityToken=F000002MX2%5d2%5d1%5dFOMEX%24%24ALL_1414&clearcache=true&ClientFund=1&LanguageId=es-MX&CurrencyId=MXN&UniverseId=FOMEX%24%24ALL_1414&BaseCurrencyId=MXN",,"https://es-us.finanzas.yahoo.com/q/hp?s=CIGUBBM5.MX","+CIGUB BM-5","https://es-us.finanzas.yahoo.com/q/hp?s=CIGUBBM-5.MX","Personas morales","Deuda Gubernamental - Corto Plazo","http://www.morningstar.com.mx/mx/funds/snapshot/snapshot.aspx?id=F000002MX2","30/01/2009","Deuda",,"Deuda PM - Espec. en papel gubernamental"
"FTSE-PiP Cetes 364d 24hrs","http://lt.morningstar.com/7ap7omrzjm/snapshot/snapshot.aspx?id=F00000HHII&SecurityToken=F00000HHII%5d2%5d1%5dFOMEX%24%24ALL_1414&clearcache=true&ClientFund=1&LanguageId=es-MX&CurrencyId=MXN&UniverseId=FOMEX%24%24ALL_1414&BaseCurrencyId=MXN",,"https://es-us.finanzas.yahoo.com/q/hp?s=CIPLUSBE.MX","+CIPLUS BE",,"No contribuyentes","Deuda Mediano Plazo","http://www.morningstar.com.mx/mx/funds/snapshot/snapshot.aspx?id=F00000HHII","04/05/2010","Deuda",,"Dueda PF - Agresivo"
"FTSE-PiP Cetes 364d 24hrs","http://lt.morningstar.com/7ap7omrzjm/snapshot/snapshot.aspx?id=F00000TEVI&SecurityToken=F00000TEVI%5d2%5d1%5dFOMEX%24%24ALL_1414&clearcache=true&ClientFund=1&LanguageId=es-MX&CurrencyId=MXN&UniverseId=FOMEX%24%24ALL_1414&BaseCurrencyId=MXN",,"https://es-us.finanzas.yahoo.com/q/hp?s=CIPLUSBF2.MX","+CIPLUS BF-2","https://es-us.finanzas.yahoo.com/q/hp?s=CIPLUSBF-2.MX","Personas físicas","Deuda Mediano Plazo","http://www.morningstar.com.mx/mx/funds/snapshot/snapshot.aspx?id=F00000TEVI","28/03/2014","Deuda",,"Dueda PF - Agresivo"
"FTSE-PiP Cetes 364d 24hrs","http://lt.morningstar.com/7ap7omrzjm/snapshot/snapshot.aspx?id=F00000QL7C&SecurityToken=F00000QL7C%5d2%5d1%5dFOMEX%24%24ALL_1414&clearcache=true&ClientFund=1&LanguageId=es-MX&CurrencyId=MXN&UniverseId=FOMEX%24%24ALL_1414&BaseCurrencyId=MXN",,"https://es-us.finanzas.yahoo.com/q/hp?s=CIPLUSBF5.MX","+CIPLUS BF-5","https://es-us.finanzas.yahoo.com/q/hp?s=CIPLUSBF-5.MX","Personas físicas","Deuda Mediano Plazo","http://www.morningstar.com.mx/mx/funds/snapshot/snapshot.aspx?id=F00000QL7C","11/10/2013","Deuda",,"Dueda PF - Agresivo"
"FTSE-PiP Cetes 364d 24hrs","http://lt.morningstar.com/7ap7omrzjm/snapshot/snapshot.aspx?id=F00000459L&SecurityToken=F00000459L%5d2%5d1%5dFOMEX%24%24ALL_1414&clearcache=true&ClientFund=1&LanguageId=es-MX&CurrencyId=MXN&UniverseId=FOMEX%24%24ALL_1414&BaseCurrencyId=MXN",,"https://es-us.finanzas.yahoo.com/q/hp?s=CIPLUSBF7.MX","+CIPLUS BF-7","https://es-us.finanzas.yahoo.com/q/hp?s=CIPLUSBF-7.MX","Personas físicas","Deuda Mediano Plazo","http://www.morningstar.com.mx/mx/funds/snapshot/snapshot.aspx?id=F00000459L","01/09/2009","Deuda",,"Dueda PF - Agresivo"
"FTSE-PiP Cetes 364d 24hrs","http://lt.morningstar.com/7ap7omrzjm/snapshot/snapshot.aspx?id=F00000QL7B&SecurityToken=F00000QL7B%5d2%5d1%5dFOMEX%24%24ALL_1414&clearcache=true&ClientFund=1&LanguageId=es-MX&CurrencyId=MXN&UniverseId=FOMEX%24%24ALL_1414&BaseCurrencyId=MXN",,"https://es-us.finanzas.yahoo.com/q/hp?s=CIPLUSBM3.MX","+CIPLUS BM-3","https://es-us.finanzas.yahoo.com/q/hp?s=CIPLUSBM-3.MX","Personas morales","Deuda Mediano Plazo","http://www.morningstar.com.mx/mx/funds/snapshot/snapshot.aspx?id=F00000QL7B","10/10/2013","Deuda",,"Dueda PF - Agresivo"
"FTSE-PiP Cetes 364d 24hrs","http://lt.morningstar.com/7ap7omrzjm/snapshot/snapshot.aspx?id=F00000JP5Q&SecurityToken=F00000JP5Q%5d2%5d1%5dFOMEX%24%24ALL_1414&clearcache=true&ClientFund=1&LanguageId=es-MX&CurrencyId=MXN&UniverseId=FOMEX%24%24ALL_1414&BaseCurrencyId=MXN",,"https://es-us.finanzas.yahoo.com/q/hp?s=CIPLUSBM5.MX","+CIPLUS BM-5","https://es-us.finanzas.yahoo.com/q/hp?s=CIPLUSBM-5.MX","Personas morales","Deuda Mediano Plazo","http://www.morningstar.com.mx/mx/funds/snapshot/snapshot.aspx?id=F00000JP5Q","17/08/2010","Deuda",,"Dueda PF - Agresivo"
"SPOT","http://lt.morningstar.com/7ap7omrzjm/snapshot/snapshot.aspx?id=F00000W5D9&SecurityToken=F00000W5D9%5d2%5d0%5dFOMEX%24%24ALL_1414&clearcache=true&ClientFund=0&LanguageId=es-MX&CurrencyId=MXN&UniverseId=FOMEX%24%24ALL_1414&BaseCurrencyId=MXN",,"https://es-us.finanzas.yahoo.com/q/hp?s=CIUSDBF7.MX","+CIUSD BF-7","https://es-us.finanzas.yahoo.com/q/hp?s=CIUSDBF-7.MX","Personas físicas","Mercado de Dinero USD","http://www.morningstar.com.mx/mx/funds/snapshot/snapshot.aspx?id=F00000W5D9","09/07/2015","-",,"Dueda PF - Agresivo"
"BMV IRT","http://lt.morningstar.com/7ap7omrzjm/snapshot/snapshot.aspx?id=F00000VPQY&SecurityToken=F00000VPQY%5d2%5d0%5dFOMEX%24%24ALL_1414&clearcache=true&ClientFund=0&LanguageId=es-MX&CurrencyId=MXN&UniverseId=FOMEX%24%24ALL_1414&BaseCurrencyId=MXN",,"https://es-us.finanzas.yahoo.com/q/hp?s=TASAA1A.MX","+TASAA1 A",,"-","Mixtos Agresivos","http://www.morningstar.com.mx/mx/funds/snapshot/snapshot.aspx?id=F00000VPQY","27/06/2013","-",,"Común - Agresivo"
"BMV IRT","http://lt.morningstar.com/7ap7omrzjm/snapshot/snapshot.aspx?id=F00000Q6MS&SecurityToken=F00000Q6MS%5d2%5d1%5dFOMEX%24%24ALL_1414&clearcache=true&ClientFund=1&LanguageId=es-MX&CurrencyId=MXN&UniverseId=FOMEX%24%24ALL_1414&BaseCurrencyId=MXN",,"https://es-us.finanzas.yahoo.com/q/hp?s=TASAA1F1.MX","+TASAA1 F1",,"Personas físicas","Mixtos Agresivos","http://www.morningstar.com.mx/mx/funds/snapshot/snapshot.aspx?id=F00000Q6MS","27/06/2013","Renta Variable",,"Común - Agresivo"
"BMV IRT","http://lt.morningstar.com/7ap7omrzjm/snapshot/snapshot.aspx?id=F00000Q6MT&SecurityToken=F00000Q6MT%5d2%5d1%5dFOMEX%24%24ALL_1414&clearcache=true&ClientFund=1&LanguageId=es-MX&CurrencyId=MXN&UniverseId=FOMEX%24%24ALL_1414&BaseCurrencyId=MXN",,"https://es-us.finanzas.yahoo.com/q/hp?s=TASAA1F2.MX","+TASAA1 F2",,"Personas físicas","Mixtos Agresivos","http://www.morningstar.com.mx/mx/funds/snapshot/snapshot.aspx?id=F00000Q6MT","27/06/2013","Renta Variable",,"Común - Agresivo"
"BMV IRT","http://lt.morningstar.com/7ap7omrzjm/snapshot/snapshot.aspx?id=F00000Q6MU&SecurityToken=F00000Q6MU%5d2%5d1%5dFOMEX%24%24ALL_1414&clearcache=true&ClientFund=1&LanguageId=es-MX&CurrencyId=MXN&UniverseId=FOMEX%24%24ALL_1414&BaseCurrencyId=MXN",,"https://es-us.finanzas.yahoo.com/q/hp?s=TASAA1F3.MX","+TASAA1 F3",,"Personas físicas","Mixtos Agresivos","http://www.morningstar.com.mx/mx/funds/snapshot/snapshot.aspx?id=F00000Q6MU","27/06/2013","Renta Variable",,"Común - Agresivo"
"BMV IRT","http://lt.morningstar.com/7ap7omrzjm/snapshot/snapshot.aspx?id=F00000Q6MV&SecurityToken=F00000Q6MV%5d2%5d1%5dFOMEX%24%24ALL_1414&clearcache=true&ClientFund=1&LanguageId=es-MX&CurrencyId=MXN&UniverseId=FOMEX%24%24ALL_1414&BaseCurrencyId=MXN",,"https://es-us.finanzas.yahoo.com/q/hp?s=TASAA1M1.MX","+TASAA1 M1",,"Personas morales","Mixtos Agresivos","http://www.morningstar.com.mx/mx/funds/snapshot/snapshot.aspx?id=F00000Q6MV","27/06/2013","Renta Variable",,"Común - Agresivo"
"BMV IRT","http://lt.morningstar.com/7ap7omrzjm/snapshot/snapshot.aspx?id=F00000Q6MW&SecurityToken=F00000Q6MW%5d2%5d1%5dFOMEX%24%24ALL_1414&clearcache=true&ClientFund=1&LanguageId=es-MX&CurrencyId=MXN&UniverseId=FOMEX%24%24ALL_1414&BaseCurrencyId=MXN",,"https://es-us.finanzas.yahoo.com/q/hp?s=TASAA1M2.MX","+TASAA1 M2",,"Personas morales","Mixtos Agresivos","http://www.morningstar.com.mx/mx/funds/snapshot/snapshot.aspx?id=F00000Q6MW","27/06/2013","Renta Variable",,"Común - Agresivo"
"BMV IRT","http://lt.morningstar.com/7ap7omrzjm/snapshot/snapshot.aspx?id=F00000Q6MX&SecurityToken=F00000Q6MX%5d2%5d1%5dFOMEX%24%24ALL_1414&clearcache=true&ClientFund=1&LanguageId=es-MX&CurrencyId=MXN&UniverseId=FOMEX%24%24ALL_1414&BaseCurrencyId=MXN",,"https://es-us.finanzas.yahoo.com/q/hp?s=TASAA1ME1.MX","+TASAA1 ME1",,"No contribuyentes","Mixtos Agresivos","http://www.morningstar.com.mx/mx/funds/snapshot/snapshot.aspx?id=F00000Q6MX","27/06/2013","Renta Variable",,"Común - Agresivo"
"BMV IRT","http://lt.morningstar.com/7ap7omrzjm/snapshot/snapshot.aspx?id=F00000Q6MY&SecurityToken=F00000Q6MY%5d2%5d1%5dFOMEX%24%24ALL_1414&clearcache=true&ClientFund=1&LanguageId=es-MX&CurrencyId=MXN&UniverseId=FOMEX%24%24ALL_1414&BaseCurrencyId=MXN",,"https://es-us.finanzas.yahoo.com/q/hp?s=TASAA1ME2.MX","+TASAA1 ME2",,"No contribuyentes","Mixtos Agresivos","http://www.morningstar.com.mx/mx/funds/snapshot/snapshot.aspx?id=F00000Q6MY","27/06/2013","Renta Variable",,"Común - Agresivo"
"S&P Valmer MEX CETES 364D","http://lt.morningstar.com/7ap7omrzjm/snapshot/snapshot.aspx?id=F00000JSBA&SecurityToken=F00000JSBA%5d2%5d1%5dFOMEX%24%24ALL_1414&clearcache=true&ClientFund=1&LanguageId=es-MX&CurrencyId=MXN&UniverseId=FOMEX%24%24ALL_1414&BaseCurrencyId=MXN",,"https://es-us.finanzas.yahoo.com/q/hp?s=TASALPF1.MX","+TASALP F1",,"Personas físicas","Deuda Largo Plazo","http://www.morningstar.com.mx/mx/funds/snapshot/snapshot.aspx?id=F00000JSBA","23/08/2010","Deuda",,"Dueda PF - Agresivo"
"S&P Valmer MEX CETES 364D","http://lt.morningstar.com/7ap7omrzjm/snapshot/snapshot.aspx?id=F00000JSBB&SecurityToken=F00000JSBB%5d2%5d1%5dFOMEX%24%24ALL_1414&clearcache=true&ClientFund=1&LanguageId=es-MX&CurrencyId=MXN&UniverseId=FOMEX%24%24ALL_1414&BaseCurrencyId=MXN",,"https://es-us.finanzas.yahoo.com/q/hp?s=TASALPF2.MX","+TASALP F2",,"Personas físicas","Deuda Largo Plazo","http://www.morningstar.com.mx/mx/funds/snapshot/snapshot.aspx?id=F00000JSBB","23/08/2010","Deuda",,"Dueda PF - Agresivo"
"S&P Valmer MEX CETES 364D","http://lt.morningstar.com/7ap7omrzjm/snapshot/snapshot.aspx?id=F00000JSBC&SecurityToken=F00000JSBC%5d2%5d1%5dFOMEX%24%24ALL_1414&clearcache=true&ClientFund=1&LanguageId=es-MX&CurrencyId=MXN&UniverseId=FOMEX%24%24ALL_1414&BaseCurrencyId=MXN",,"https://es-us.finanzas.yahoo.com/q/hp?s=TASALPF3.MX","+TASALP F3",,"Personas físicas","Deuda Largo Plazo","http://www.morningstar.com.mx/mx/funds/snapshot/snapshot.aspx?id=F00000JSBC","23/08/2010","Deuda",,"Dueda PF - Agresivo"
"S&P Valmer MEX CETES 364D","http://lt.morningstar.com/7ap7omrzjm/snapshot/snapshot.aspx?id=F00000JSBD&SecurityToken=F00000JSBD%5d2%5d1%5dFOMEX%24%24ALL_1414&clearcache=true&ClientFund=1&LanguageId=es-MX&CurrencyId=MXN&UniverseId=FOMEX%24%24ALL_1414&BaseCurrencyId=MXN",,"https://es-us.finanzas.yahoo.com/q/hp?s=TASALPM1.MX","+TASALP M1",,"Personas morales","Deuda Largo Plazo","http://www.morningstar.com.mx/mx/funds/snapshot/snapshot.aspx?id=F00000JSBD","23/08/2010","Deuda",,"Dueda PF - Agresivo"
"S&P Valmer MEX CETES 364D","http://lt.morningstar.com/7ap7omrzjm/snapshot/snapshot.aspx?id=F00000JSBE&SecurityToken=F00000JSBE%5d2%5d1%5dFOMEX%24%24ALL_1414&clearcache=true&ClientFund=1&LanguageId=es-MX&CurrencyId=MXN&UniverseId=FOMEX%24%24ALL_1414&BaseCurrencyId=MXN",,"https://es-us.finanzas.yahoo.com/q/hp?s=TASALPM2.MX","+TASALP M2",,"Personas morales","Deuda Largo Plazo","http://www.morningstar.com.mx/mx/funds/snapshot/snapshot.aspx?id=F00000JSBE","23/08/2010","Deuda",,"Dueda PF - Agresivo"
"S&P Valmer MEX CETES 364D","http://lt.morningstar.com/7ap7omrzjm/snapshot/snapshot.aspx?id=F00000JSBF&SecurityToken=F00000JSBF%5d2%5d1%5dFOMEX%24%24ALL_1414&clearcache=true&ClientFund=1&LanguageId=es-MX&CurrencyId=MXN&UniverseId=FOMEX%24%24ALL_1414&BaseCurrencyId=MXN",,"https://es-us.finanzas.yahoo.com/q/hp?s=TASALPME1.MX","+TASALP ME1",,"No contribuyentes","Deuda Largo Plazo","http://www.morningstar.com.mx/mx/funds/snapshot/snapshot.aspx?id=F00000JSBF","23/08/2010","Deuda",,"Dueda PF - Agresivo"
"S&P Valmer MEX CETES 364D","http://lt.morningstar.com/7ap7omrzjm/snapshot/snapshot.aspx?id=F00000JSBG&SecurityToken=F00000JSBG%5d2%5d1%5dFOMEX%24%24ALL_1414&clearcache=true&ClientFund=1&LanguageId=es-MX&CurrencyId=MXN&UniverseId=FOMEX%24%24ALL_1414&BaseCurrencyId=MXN",,"https://es-us.finanzas.yahoo.com/q/hp?s=TASALPME2.MX","+TASALP ME2",,"No contribuyentes","Deuda Largo Plazo","http://www.morningstar.com.mx/mx/funds/snapshot/snapshot.aspx?id=F00000JSBG","23/08/2010","Deuda",,"Dueda PF - Agresivo"
"BMV IRT","http://lt.morningstar.com/7ap7omrzjm/snapshot/snapshot.aspx?id=F00000Q4RU&SecurityToken=F00000Q4RU%5d2%5d1%5dFOMEX%24%24ALL_1414&clearcache=true&ClientFund=1&LanguageId=es-MX&CurrencyId=MXN&UniverseId=FOMEX%24%24ALL_1414&BaseCurrencyId=MXN",,"https://es-us.finanzas.yahoo.com/q/hp?s=TASARVF1.MX","+TASARV F1",,"Personas físicas","RV Mexico","http://www.morningstar.com.mx/mx/funds/snapshot/snapshot.aspx?id=F00000Q4RU","27/06/2013","Renta Variable",,"Común - Agresivo"
"BMV IRT","http://lt.morningstar.com/7ap7omrzjm/snapshot/snapshot.aspx?id=F00000Q6MF&SecurityToken=F00000Q6MF%5d2%5d1%5dFOMEX%24%24ALL_1414&clearcache=true&ClientFund=1&LanguageId=es-MX&CurrencyId=MXN&UniverseId=FOMEX%24%24ALL_1414&BaseCurrencyId=MXN",,"https://es-us.finanzas.yahoo.com/q/hp?s=TASARVF2.MX","+TASARV F2",,"Personas físicas","RV Mexico","http://www.morningstar.com.mx/mx/funds/snapshot/snapshot.aspx?id=F00000Q6MF","27/06/2013","Renta Variable",,"Común - Agresivo"
"BMV IRT","http://lt.morningstar.com/7ap7omrzjm/snapshot/snapshot.aspx?id=F00000Q6MG&SecurityToken=F00000Q6MG%5d2%5d1%5dFOMEX%24%24ALL_1414&clearcache=true&ClientFund=1&LanguageId=es-MX&CurrencyId=MXN&UniverseId=FOMEX%24%24ALL_1414&BaseCurrencyId=MXN",,"https://es-us.finanzas.yahoo.com/q/hp?s=TASARVF3.MX","+TASARV F3",,"Personas físicas","RV Mexico","http://www.morningstar.com.mx/mx/funds/snapshot/snapshot.aspx?id=F00000Q6MG","27/06/2013","Renta Variable",,"Común - Agresivo"
"BMV IRT","http://lt.morningstar.com/7ap7omrzjm/snapshot/snapshot.aspx?id=F00000Q6MH&SecurityToken=F00000Q6MH%5d2%5d1%5dFOMEX%24%24ALL_1414&clearcache=true&ClientFund=1&LanguageId=es-MX&CurrencyId=MXN&UniverseId=FOMEX%24%24ALL_1414&BaseCurrencyId=MXN",,"https://es-us.finanzas.yahoo.com/q/hp?s=TASARVM1.MX","+TASARV M1",,"Personas morales","RV Mexico","http://www.morningstar.com.mx/mx/funds/snapshot/snapshot.aspx?id=F00000Q6MH","27/06/2013","Renta Variable",,"Común - Agresivo"
"BMV IRT","http://lt.morningstar.com/7ap7omrzjm/snapshot/snapshot.aspx?id=F00000Q6MI&SecurityToken=F00000Q6MI%5d2%5d1%5dFOMEX%24%24ALL_1414&clearcache=true&ClientFund=1&LanguageId=es-MX&CurrencyId=MXN&UniverseId=FOMEX%24%24ALL_1414&BaseCurrencyId=MXN",,"https://es-us.finanzas.yahoo.com/q/hp?s=TASARVM2.MX","+TASARV M2",,"Personas morales","RV Mexico","http://www.morningstar.com.mx/mx/funds/snapshot/snapshot.aspx?id=F00000Q6MI","27/06/2013","Renta Variable",,"Común - Agresivo"
"BMV IPC PR MXN","http://lt.morningstar.com/7ap7omrzjm/snapshot/snapshot.aspx?id=F0000005MB&SecurityToken=F0000005MB%5d2%5d1%5dFOMEX%24%24ALL_1414&clearcache=true&ClientFund=1&LanguageId=es-MX&CurrencyId=MXN&UniverseId=FOMEX%24%24ALL_1414&BaseCurrencyId=MXN",,"https://es-us.finanzas.yahoo.com/q/hp?s=ACTICREB.MX","ACTICRE B",,"Personas físicas,Personas morales","RV Mexico","http://www.morningstar.com.mx/mx/funds/snapshot/snapshot.aspx?id=F0000005MB","22/12/1994","Renta Variable",,"Común - Agresivo"
"BMV IPC PR MXN","http://lt.morningstar.com/7ap7omrzjm/snapshot/snapshot.aspx?id=F0000023FO&SecurityToken=F0000023FO%5d2%5d1%5dFOMEX%24%24ALL_1414&clearcache=true&ClientFund=1&LanguageId=es-MX&CurrencyId=MXN&UniverseId=FOMEX%24%24ALL_1414&BaseCurrencyId=MXN",,"https://es-us.finanzas.yahoo.com/q/hp?s=ACTICREFF.MX","ACTICRE FF",,"Fondo de fondos","RV Mexico","http://www.morningstar.com.mx/mx/funds/snapshot/snapshot.aspx?id=F0000023FO","13/06/2008","Renta Variable",,"Común - Agresivo"
"S&P Valmer MEX CETES 28D","http://lt.morningstar.com/7ap7omrzjm/snapshot/snapshot.aspx?id=F00000N6WD&SecurityToken=F00000N6WD%5d2%5d1%5dFOMEX%24%24ALL_1414&clearcache=true&ClientFund=1&LanguageId=es-MX&CurrencyId=MXN&UniverseId=FOMEX%24%24ALL_1414&BaseCurrencyId=MXN",,"https://es-us.finanzas.yahoo.com/q/hp?s=ACTIGB1.MX","ACTIG+ B-1","https://es-us.finanzas.yahoo.com/q/hp?s=ACTIGB-1.MX","Personas físicas","Deuda Mediano Plazo","http://www.morningstar.com.mx/mx/funds/snapshot/snapshot.aspx?id=F00000N6WD","03/10/2011","Deuda",,"Dueda PF - Agresivo"
"S&P Valmer MEX CETES 28D","http://lt.morningstar.com/7ap7omrzjm/snapshot/snapshot.aspx?id=F00000N6WE&SecurityToken=F00000N6WE%5d2%5d1%5dFOMEX%24%24ALL_1414&clearcache=true&ClientFund=1&LanguageId=es-MX&CurrencyId=MXN&UniverseId=FOMEX%24%24ALL_1414&BaseCurrencyId=MXN",,"https://es-us.finanzas.yahoo.com/q/hp?s=ACTIGB2.MX","ACTIG+ B-2","https://es-us.finanzas.yahoo.com/q/hp?s=ACTIGB-2.MX","Personas físicas","Deuda Mediano Plazo","http://www.morningstar.com.mx/mx/funds/snapshot/snapshot.aspx?id=F00000N6WE","03/10/2011","Deuda",,"Dueda PF - Agresivo"
"S&P Valmer MEX CETES 28D","http://lt.morningstar.com/7ap7omrzjm/snapshot/snapshot.aspx?id=F00000N6WF&SecurityToken=F00000N6WF%5d2%5d1%5dFOMEX%24%24ALL_1414&clearcache=true&ClientFund=1&LanguageId=es-MX&CurrencyId=MXN&UniverseId=FOMEX%24%24ALL_1414&BaseCurrencyId=MXN",,"https://es-us.finanzas.yahoo.com/q/hp?s=ACTIGB3.MX","ACTIG+ B-3","https://es-us.finanzas.yahoo.com/q/hp?s=ACTIGB-3.MX","Personas físicas","Deuda Mediano Plazo","http://www.morningstar.com.mx/mx/funds/snapshot/snapshot.aspx?id=F00000N6WF","03/10/2011","Deuda",,"Dueda PF - Agresivo"
"S&P Valmer MEX CETES 28D","http://lt.morningstar.com/7ap7omrzjm/snapshot/snapshot.aspx?id=F00000N6WG&SecurityToken=F00000N6WG%5d2%5d1%5dFOMEX%24%24ALL_1414&clearcache=true&ClientFund=1&LanguageId=es-MX&CurrencyId=MXN&UniverseId=FOMEX%24%24ALL_1414&BaseCurrencyId=MXN",,"https://es-us.finanzas.yahoo.com/q/hp?s=ACTIGE.MX","ACTIG+ E",,"No contribuyentes","Deuda Mediano Plazo","http://www.morningstar.com.mx/mx/funds/snapshot/snapshot.aspx?id=F00000N6WG","03/10/2011","Deuda",,"Dueda PF - Agresivo"
"S&P Valmer MEX CETES 28D","http://lt.morningstar.com/7ap7omrzjm/snapshot/snapshot.aspx?id=F00000QLX8&SecurityToken=F00000QLX8%5d2%5d1%5dFOMEX%24%24ALL_1414&clearcache=true&ClientFund=1&LanguageId=es-MX&CurrencyId=MXN&UniverseId=FOMEX%24%24ALL_1414&BaseCurrencyId=MXN",,"https://es-us.finanzas.yahoo.com/q/hp?s=ACTIGF2.MX","ACTIG+ F-2","https://es-us.finanzas.yahoo.com/q/hp?s=ACTIGF-2.MX","Personas físicas","Deuda Mediano Plazo","http://www.morningstar.com.mx/mx/funds/snapshot/snapshot.aspx?id=F00000QLX8","22/10/2013","Deuda",,"Dueda PF - Agresivo"
"S&P Valmer MEX CETES 28D","http://lt.morningstar.com/7ap7omrzjm/snapshot/snapshot.aspx?id=F00000V4A3&SecurityToken=F00000V4A3%5d2%5d0%5dFOMEX%24%24ALL_1414&clearcache=true&ClientFund=0&LanguageId=es-MX&CurrencyId=MXN&UniverseId=FOMEX%24%24ALL_1414&BaseCurrencyId=MXN",,"https://es-us.finanzas.yahoo.com/q/hp?s=ACTIGF3.MX","ACTIG+ F-3","https://es-us.finanzas.yahoo.com/q/hp?s=ACTIGF-3.MX","Personas físicas","Deuda Mediano Plazo","http://www.morningstar.com.mx/mx/funds/snapshot/snapshot.aspx?id=F00000V4A3","25/11/2014","-",,"Dueda PF - Agresivo"
"S&P Valmer MEX CETES 28D","http://lt.morningstar.com/7ap7omrzjm/snapshot/snapshot.aspx?id=F00000N6WH&SecurityToken=F00000N6WH%5d2%5d1%5dFOMEX%24%24ALL_1414&clearcache=true&ClientFund=1&LanguageId=es-MX&CurrencyId=MXN&UniverseId=FOMEX%24%24ALL_1414&BaseCurrencyId=MXN",,"https://es-us.finanzas.yahoo.com/q/hp?s=ACTIGM1.MX","ACTIG+ M-1","https://es-us.finanzas.yahoo.com/q/hp?s=ACTIGM-1.MX","Personas morales","Deuda Mediano Plazo","http://www.morningstar.com.mx/mx/funds/snapshot/snapshot.aspx?id=F00000N6WH","03/10/2011","Deuda",,"Dueda PF - Agresivo"
"S&P Valmer MEX CETES 28D","http://lt.morningstar.com/7ap7omrzjm/snapshot/snapshot.aspx?id=F00000N6WI&SecurityToken=F00000N6WI%5d2%5d1%5dFOMEX%24%24ALL_1414&clearcache=true&ClientFund=1&LanguageId=es-MX&CurrencyId=MXN&UniverseId=FOMEX%24%24ALL_1414&BaseCurrencyId=MXN",,"https://es-us.finanzas.yahoo.com/q/hp?s=ACTIGM2.MX","ACTIG+ M-2","https://es-us.finanzas.yahoo.com/q/hp?s=ACTIGM-2.MX","Personas morales","Deuda Mediano Plazo","http://www.morningstar.com.mx/mx/funds/snapshot/snapshot.aspx?id=F00000N6WI","03/10/2011","Deuda",,"Dueda PF - Agresivo"
"S&P Valmer MEX CETES 28D","http://lt.morningstar.com/7ap7omrzjm/snapshot/snapshot.aspx?id=F00000N6WJ&SecurityToken=F00000N6WJ%5d2%5d1%5dFOMEX%24%24ALL_1414&clearcache=true&ClientFund=1&LanguageId=es-MX&CurrencyId=MXN&UniverseId=FOMEX%24%24ALL_1414&BaseCurrencyId=MXN",,"https://es-us.finanzas.yahoo.com/q/hp?s=ACTIGM3.MX","ACTIG+ M-3","https://es-us.finanzas.yahoo.com/q/hp?s=ACTIGM-3.MX","Personas morales","Deuda Mediano Plazo","http://www.morningstar.com.mx/mx/funds/snapshot/snapshot.aspx?id=F00000N6WJ","03/10/2011","Deuda",,"Dueda PF - Agresivo"
"20% S&P Valmer MEX BPA182, 20% S&P Valmer MEX BPAS, 20% S&P Valmer MEX BPAST, 2.5% S&P Valmer MEX Brem, 10% S&P Valmer MEX CETES 182D, 10% S&P Valmer MEX CETES 364D, 10% S&P Valmer MEX CETES 91D, 7.5% Others","http://lt.morningstar.com/7ap7omrzjm/snapshot/snapshot.aspx?id=F0000005KV&SecurityToken=F0000005KV%5d2%5d1%5dFOMEX%24%24ALL_1414&clearcache=true&ClientFund=1&LanguageId=es-MX&CurrencyId=MXN&UniverseId=FOMEX%24%24ALL_1414&BaseCurrencyId=MXN",,"https://es-us.finanzas.yahoo.com/q/hp?s=ACTIGOBB1.MX","ACTIGOB B-1","https://es-us.finanzas.yahoo.com/q/hp?s=ACTIGOBB-1.MX","Personas físicas","Deuda Gubernamental - Mediano Plazo","http://www.morningstar.com.mx/mx/funds/snapshot/snapshot.aspx?id=F0000005KV","03/09/2005","Deuda",,"Deuda PF - Espec. en papel gubernamental"
"20% S&P Valmer MEX BPA182, 20% S&P Valmer MEX BPAS, 20% S&P Valmer MEX BPAST, 2.5% S&P Valmer MEX Brem, 10% S&P Valmer MEX CETES 182D, 10% S&P Valmer MEX CETES 364D, 10% S&P Valmer MEX CETES 91D, 7.5% Others","http://lt.morningstar.com/7ap7omrzjm/snapshot/snapshot.aspx?id=F0000005KS&SecurityToken=F0000005KS%5d2%5d1%5dFOMEX%24%24ALL_1414&clearcache=true&ClientFund=1&LanguageId=es-MX&CurrencyId=MXN&UniverseId=FOMEX%24%24ALL_1414&BaseCurrencyId=MXN",,"https://es-us.finanzas.yahoo.com/q/hp?s=ACTIGOBB2.MX","ACTIGOB B-2","https://es-us.finanzas.yahoo.com/q/hp?s=ACTIGOBB-2.MX","Personas físicas","Deuda Gubernamental - Mediano Plazo","http://www.morningstar.com.mx/mx/funds/snapshot/snapshot.aspx?id=F0000005KS","03/09/2005","Deuda",,"Deuda PF - Espec. en papel gubernamental"
"20% S&P Valmer MEX BPA182, 20% S&P Valmer MEX BPAS, 20% S&P Valmer MEX BPAST, 2.5% S&P Valmer MEX Brem, 10% S&P Valmer MEX CETES 182D, 10% S&P Valmer MEX CETES 364D, 10% S&P Valmer MEX CETES 91D, 7.5% Others","http://lt.morningstar.com/7ap7omrzjm/snapshot/snapshot.aspx?id=F0000005KE&SecurityToken=F0000005KE%5d2%5d1%5dFOMEX%24%24ALL_1414&clearcache=true&ClientFund=1&LanguageId=es-MX&CurrencyId=MXN&UniverseId=FOMEX%24%24ALL_1414&BaseCurrencyId=MXN",,"https://es-us.finanzas.yahoo.com/q/hp?s=ACTIGOBB3.MX","ACTIGOB B-3","https://es-us.finanzas.yahoo.com/q/hp?s=ACTIGOBB-3.MX","Personas físicas","Deuda Gubernamental - Mediano Plazo","http://www.morningstar.com.mx/mx/funds/snapshot/snapshot.aspx?id=F0000005KE","13/08/1997","Deuda",,"Deuda PF - Espec. en papel gubernamental"
"20% S&P Valmer MEX BPA182, 20% S&P Valmer MEX BPAS, 20% S&P Valmer MEX BPAST, 2.5% S&P Valmer MEX Brem, 10% S&P Valmer MEX CETES 182D, 10% S&P Valmer MEX CETES 364D, 10% S&P Valmer MEX CETES 91D, 7.5% Others","http://lt.morningstar.com/7ap7omrzjm/snapshot/snapshot.aspx?id=F000001W71&SecurityToken=F000001W71%5d2%5d1%5dFOMEX%24%24ALL_1414&clearcache=true&ClientFund=1&LanguageId=es-MX&CurrencyId=MXN&UniverseId=FOMEX%24%24ALL_1414&BaseCurrencyId=MXN",,"https://es-us.finanzas.yahoo.com/q/hp?s=ACTIGOBE.MX","ACTIGOB E",,"No contribuyentes","Deuda Gubernamental - Mediano Plazo","http://www.morningstar.com.mx/mx/funds/snapshot/snapshot.aspx?id=F000001W71","03/09/2005","Deuda",,"Deuda PF - Espec. en papel gubernamental"
"20% S&P Valmer MEX BPA182, 20% S&P Valmer MEX BPAS, 20% S&P Valmer MEX BPAST, 2.5% S&P Valmer MEX Brem, 10% S&P Valmer MEX CETES 182D, 10% S&P Valmer MEX CETES 364D, 10% S&P Valmer MEX CETES 91D, 7.5% Others","http://lt.morningstar.com/7ap7omrzjm/snapshot/snapshot.aspx?id=F000003V1L&SecurityToken=F000003V1L%5d2%5d1%5dFOMEX%24%24ALL_1414&clearcache=true&ClientFund=1&LanguageId=es-MX&CurrencyId=MXN&UniverseId=FOMEX%24%24ALL_1414&BaseCurrencyId=MXN",,"https://es-us.finanzas.yahoo.com/q/hp?s=ACTIGOBF1.MX","ACTIGOB F-1","https://es-us.finanzas.yahoo.com/q/hp?s=ACTIGOBF-1.MX","Personas físicas","Deuda Gubernamental - Mediano Plazo","http://www.morningstar.com.mx/mx/funds/snapshot/snapshot.aspx?id=F000003V1L","03/09/2007","Deuda",,"Deuda PF - Espec. en papel gubernamental"
"20% S&P Valmer MEX BPA182, 20% S&P Valmer MEX BPAS, 20% S&P Valmer MEX BPAST, 2.5% S&P Valmer MEX Brem, 10% S&P Valmer MEX CETES 182D, 10% S&P Valmer MEX CETES 364D, 10% S&P Valmer MEX CETES 91D, 7.5% Others","http://lt.morningstar.com/7ap7omrzjm/snapshot/snapshot.aspx?id=F00000289V&SecurityToken=F00000289V%5d2%5d1%5dFOMEX%24%24ALL_1414&clearcache=true&ClientFund=1&LanguageId=es-MX&CurrencyId=MXN&UniverseId=FOMEX%24%24ALL_1414&BaseCurrencyId=MXN",,"https://es-us.finanzas.yahoo.com/q/hp?s=ACTIGOBFF.MX","ACTIGOB FF",,"Fondo de fondos","Deuda Gubernamental - Mediano Plazo","http://www.morningstar.com.mx/mx/funds/snapshot/snapshot.aspx?id=F00000289V","07/11/2008","Deuda",,"Deuda PF - Espec. en papel gubernamental"
"20% S&P Valmer MEX BPA182, 20% S&P Valmer MEX BPAS, 20% S&P Valmer MEX BPAST, 2.5% S&P Valmer MEX Brem, 10% S&P Valmer MEX CETES 182D, 10% S&P Valmer MEX CETES 364D, 10% S&P Valmer MEX CETES 91D, 7.5% Others","http://lt.morningstar.com/7ap7omrzjm/snapshot/snapshot.aspx?id=F000001W72&SecurityToken=F000001W72%5d2%5d1%5dFOMEX%24%24ALL_1414&clearcache=true&ClientFund=1&LanguageId=es-MX&CurrencyId=MXN&UniverseId=FOMEX%24%24ALL_1414&BaseCurrencyId=MXN",,"https://es-us.finanzas.yahoo.com/q/hp?s=ACTIGOBG.MX","ACTIGOB G",,"Personas morales","Deuda Gubernamental - Mediano Plazo","http://www.morningstar.com.mx/mx/funds/snapshot/snapshot.aspx?id=F000001W72","04/09/2007","Deuda",,"Deuda PF - Espec. en papel gubernamental"
"20% S&P Valmer MEX BPA182, 20% S&P Valmer MEX BPAS, 20% S&P Valmer MEX BPAST, 2.5% S&P Valmer MEX Brem, 10% S&P Valmer MEX CETES 182D, 10% S&P Valmer MEX CETES 364D, 10% S&P Valmer MEX CETES 91D, 7.5% Others","http://lt.morningstar.com/7ap7omrzjm/snapshot/snapshot.aspx?id=F000003V1M&SecurityToken=F000003V1M%5d2%5d1%5dFOMEX%24%24ALL_1414&clearcache=true&ClientFund=1&LanguageId=es-MX&CurrencyId=MXN&UniverseId=FOMEX%24%24ALL_1414&BaseCurrencyId=MXN",,"https://es-us.finanzas.yahoo.com/q/hp?s=ACTIGOBGE.MX","ACTIGOB GE",,"No contribuyentes","Deuda Gubernamental - Mediano Plazo","http://www.morningstar.com.mx/mx/funds/snapshot/snapshot.aspx?id=F000003V1M","19/05/2009","Deuda",,"Deuda PF - Espec. en papel gubernamental"
"20% S&P Valmer MEX BPA182, 20% S&P Valmer MEX BPAS, 20% S&P Valmer MEX BPAST, 2.5% S&P Valmer MEX Brem, 10% S&P Valmer MEX CETES 182D, 10% S&P Valmer MEX CETES 364D, 10% S&P Valmer MEX CETES 91D, 7.5% Others","http://lt.morningstar.com/7ap7omrzjm/snapshot/snapshot.aspx?id=F000001W74&SecurityToken=F000001W74%5d2%5d1%5dFOMEX%24%24ALL_1414&clearcache=true&ClientFund=1&LanguageId=es-MX&CurrencyId=MXN&UniverseId=FOMEX%24%24ALL_1414&BaseCurrencyId=MXN",,"https://es-us.finanzas.yahoo.com/q/hp?s=ACTIGOBM1.MX","ACTIGOB M-1","https://es-us.finanzas.yahoo.com/q/hp?s=ACTIGOBM-1.MX","Personas morales","Deuda Gubernamental - Mediano Plazo","http://www.morningstar.com.mx/mx/funds/snapshot/snapshot.aspx?id=F000001W74","03/09/2007","Deuda",,"Deuda PF - Espec. en papel gubernamental"
"BMV IPC PR MXN","http://lt.morningstar.com/7ap7omrzjm/snapshot/snapshot.aspx?id=F00000VTTB&SecurityToken=F00000VTTB%5d2%5d0%5dFOMEX%24%24ALL_1414&clearcache=true&ClientFund=0&LanguageId=es-MX&CurrencyId=MXN&UniverseId=FOMEX%24%24ALL_1414&BaseCurrencyId=MXN",,"https://es-us.finanzas.yahoo.com/q/hp?s=ACTIPATI.MX","ACTIPAT I",,"Personas físicas,Personas morales","RV Mexico","http://www.morningstar.com.mx/mx/funds/snapshot/snapshot.aspx?id=F00000VTTB","24/04/2015","-",,"Común - Agresivo"
"30% S&P Valmer MEX BPAS, 35% S&P Valmer MEX Brem, 35% S&P Valmer MEX CETES 28D","http://lt.morningstar.com/7ap7omrzjm/snapshot/snapshot.aspx?id=F00000059M&SecurityToken=F00000059M%5d2%5d1%5dFOMEX%24%24ALL_1414&clearcache=true&ClientFund=1&LanguageId=es-MX&CurrencyId=MXN&UniverseId=FOMEX%24%24ALL_1414&BaseCurrencyId=MXN",,"https://es-us.finanzas.yahoo.com/q/hp?s=ACTIRENB1.MX","ACTIREN B-1","https://es-us.finanzas.yahoo.com/q/hp?s=ACTIRENB-1.MX","Personas físicas","Deuda Corto Plazo","http://www.morningstar.com.mx/mx/funds/snapshot/snapshot.aspx?id=F00000059M","03/09/2005","Deuda",,"Dueda PF - Agresivo"
"30% S&P Valmer MEX BPAS, 35% S&P Valmer MEX Brem, 35% S&P Valmer MEX CETES 28D","http://lt.morningstar.com/7ap7omrzjm/snapshot/snapshot.aspx?id=F0000005AV&SecurityToken=F0000005AV%5d2%5d1%5dFOMEX%24%24ALL_1414&clearcache=true&ClientFund=1&LanguageId=es-MX&CurrencyId=MXN&UniverseId=FOMEX%24%24ALL_1414&BaseCurrencyId=MXN",,"https://es-us.finanzas.yahoo.com/q/hp?s=ACTIRENB2.MX","ACTIREN B-2","https://es-us.finanzas.yahoo.com/q/hp?s=ACTIRENB-2.MX","Personas físicas","Deuda Corto Plazo","http://www.morningstar.com.mx/mx/funds/snapshot/snapshot.aspx?id=F0000005AV","03/09/2005","Deuda",,"Dueda PF - Agresivo"
"30% S&P Valmer MEX BPAS, 35% S&P Valmer MEX Brem, 35% S&P Valmer MEX CETES 28D","http://lt.morningstar.com/7ap7omrzjm/snapshot/snapshot.aspx?id=F00000059J&SecurityToken=F00000059J%5d2%5d1%5dFOMEX%24%24ALL_1414&clearcache=true&ClientFund=1&LanguageId=es-MX&CurrencyId=MXN&UniverseId=FOMEX%24%24ALL_1414&BaseCurrencyId=MXN",,"https://es-us.finanzas.yahoo.com/q/hp?s=ACTIRENB3.MX","ACTIREN B-3","https://es-us.finanzas.yahoo.com/q/hp?s=ACTIRENB-3.MX","Personas físicas","Deuda Corto Plazo","http://www.morningstar.com.mx/mx/funds/snapshot/snapshot.aspx?id=F00000059J","22/12/1994","Deuda",,"Dueda PF - Agresivo"
"30% S&P Valmer MEX BPAS, 35% S&P Valmer MEX Brem, 35% S&P Valmer MEX CETES 28D","http://lt.morningstar.com/7ap7omrzjm/snapshot/snapshot.aspx?id=F00000059C&SecurityToken=F00000059C%5d2%5d1%5dFOMEX%24%24ALL_1414&clearcache=true&ClientFund=1&LanguageId=es-MX&CurrencyId=MXN&UniverseId=FOMEX%24%24ALL_1414&BaseCurrencyId=MXN",,"https://es-us.finanzas.yahoo.com/q/hp?s=ACTIRENE.MX","ACTIREN E",,"No contribuyentes","Deuda Corto Plazo","http://www.morningstar.com.mx/mx/funds/snapshot/snapshot.aspx?id=F00000059C","03/09/2005","Deuda",,"Dueda PF - Agresivo"
"30% S&P Valmer MEX BPAS, 35% S&P Valmer MEX Brem, 35% S&P Valmer MEX CETES 28D","http://lt.morningstar.com/7ap7omrzjm/snapshot/snapshot.aspx?id=F00000JO3G&SecurityToken=F00000JO3G%5d2%5d1%5dFOMEX%24%24ALL_1414&clearcache=true&ClientFund=1&LanguageId=es-MX&CurrencyId=MXN&UniverseId=FOMEX%24%24ALL_1414&BaseCurrencyId=MXN",,"https://es-us.finanzas.yahoo.com/q/hp?s=ACTIRENF1.MX","ACTIREN F-1","https://es-us.finanzas.yahoo.com/q/hp?s=ACTIRENF-1.MX","Personas físicas","Deuda Corto Plazo","http://www.morningstar.com.mx/mx/funds/snapshot/snapshot.aspx?id=F00000JO3G","11/08/2010","Deuda",,"Dueda PF - Agresivo"
"30% S&P Valmer MEX BPAS, 35% S&P Valmer MEX Brem, 35% S&P Valmer MEX CETES 28D","http://lt.morningstar.com/7ap7omrzjm/snapshot/snapshot.aspx?id=F00000JUDW&SecurityToken=F00000JUDW%5d2%5d1%5dFOMEX%24%24ALL_1414&clearcache=true&ClientFund=1&LanguageId=es-MX&CurrencyId=MXN&UniverseId=FOMEX%24%24ALL_1414&BaseCurrencyId=MXN",,"https://es-us.finanzas.yahoo.com/q/hp?s=ACTIRENF2.MX","ACTIREN F-2","https://es-us.finanzas.yahoo.com/q/hp?s=ACTIRENF-2.MX","Personas físicas","Deuda Corto Plazo","http://www.morningstar.com.mx/mx/funds/snapshot/snapshot.aspx?id=F00000JUDW","30/09/2010","Deuda",,"Dueda PF - Agresivo"
"30% S&P Valmer MEX BPAS, 35% S&P Valmer MEX Brem, 35% S&P Valmer MEX CETES 28D","http://lt.morningstar.com/7ap7omrzjm/snapshot/snapshot.aspx?id=F00000LNR2&SecurityToken=F00000LNR2%5d2%5d1%5dFOMEX%24%24ALL_1414&clearcache=true&ClientFund=1&LanguageId=es-MX&CurrencyId=MXN&UniverseId=FOMEX%24%24ALL_1414&BaseCurrencyId=MXN",,"https://es-us.finanzas.yahoo.com/q/hp?s=ACTIRENF3.MX","ACTIREN F-3","https://es-us.finanzas.yahoo.com/q/hp?s=ACTIRENF-3.MX","Personas físicas","Deuda Corto Plazo","http://www.morningstar.com.mx/mx/funds/snapshot/snapshot.aspx?id=F00000LNR2","14/12/2010","Deuda",,"Dueda PF - Agresivo"
"30% S&P Valmer MEX BPAS, 35% S&P Valmer MEX Brem, 35% S&P Valmer MEX CETES 28D","http://lt.morningstar.com/7ap7omrzjm/snapshot/snapshot.aspx?id=F00000P25S&SecurityToken=F00000P25S%5d2%5d0%5dFOMEX%24%24ALL_1414&clearcache=true&ClientFund=0&LanguageId=es-MX&CurrencyId=MXN&UniverseId=FOMEX%24%24ALL_1414&BaseCurrencyId=MXN",,"https://es-us.finanzas.yahoo.com/q/hp?s=ACTIRENFF.MX","ACTIREN FF",,"Fondo de fondos","Deuda Corto Plazo","http://www.morningstar.com.mx/mx/funds/snapshot/snapshot.aspx?id=F00000P25S","12/10/2012","Deuda",,"Dueda PF - Agresivo"
"30% S&P Valmer MEX BPAS, 35% S&P Valmer MEX Brem, 35% S&P Valmer MEX CETES 28D","http://lt.morningstar.com/7ap7omrzjm/snapshot/snapshot.aspx?id=F0000005FM&SecurityToken=F0000005FM%5d2%5d1%5dFOMEX%24%24ALL_1414&clearcache=true&ClientFund=1&LanguageId=es-MX&CurrencyId=MXN&UniverseId=FOMEX%24%24ALL_1414&BaseCurrencyId=MXN",,"https://es-us.finanzas.yahoo.com/q/hp?s=ACTIRENM1.MX","ACTIREN M-1","https://es-us.finanzas.yahoo.com/q/hp?s=ACTIRENM-1.MX","Personas morales","Deuda Corto Plazo","http://www.morningstar.com.mx/mx/funds/snapshot/snapshot.aspx?id=F0000005FM","03/09/2005","Deuda",,"Dueda PF - Agresivo"
"30% S&P Valmer MEX BPAS, 35% S&P Valmer MEX Brem, 35% S&P Valmer MEX CETES 28D","http://lt.morningstar.com/7ap7omrzjm/snapshot/snapshot.aspx?id=F00000JO3H&SecurityToken=F00000JO3H%5d2%5d1%5dFOMEX%24%24ALL_1414&clearcache=true&ClientFund=1&LanguageId=es-MX&CurrencyId=MXN&UniverseId=FOMEX%24%24ALL_1414&BaseCurrencyId=MXN",,"https://es-us.finanzas.yahoo.com/q/hp?s=ACTIRENM2.MX","ACTIREN M-2","https://es-us.finanzas.yahoo.com/q/hp?s=ACTIRENM-2.MX","Personas morales","Deuda Corto Plazo","http://www.morningstar.com.mx/mx/funds/snapshot/snapshot.aspx?id=F00000JO3H","10/08/2010","Deuda",,"Dueda PF - Agresivo"
"30% S&P Valmer MEX BPAS, 35% S&P Valmer MEX Brem, 35% S&P Valmer MEX CETES 28D","http://lt.morningstar.com/7ap7omrzjm/snapshot/snapshot.aspx?id=F00000JO3I&SecurityToken=F00000JO3I%5d2%5d1%5dFOMEX%24%24ALL_1414&clearcache=true&ClientFund=1&LanguageId=es-MX&CurrencyId=MXN&UniverseId=FOMEX%24%24ALL_1414&BaseCurrencyId=MXN",,"https://es-us.finanzas.yahoo.com/q/hp?s=ACTIRENM3.MX","ACTIREN M-3","https://es-us.finanzas.yahoo.com/q/hp?s=ACTIRENM-3.MX","Personas morales","Deuda Corto Plazo","http://www.morningstar.com.mx/mx/funds/snapshot/snapshot.aspx?id=F00000JO3I","10/08/2010","Deuda",,"Dueda PF - Agresivo"
"BMV IPC PR MXN","http://lt.morningstar.com/7ap7omrzjm/snapshot/snapshot.aspx?id=F000000597&SecurityToken=F000000597%5d2%5d1%5dFOMEX%24%24ALL_1414&clearcache=true&ClientFund=1&LanguageId=es-MX&CurrencyId=MXN&UniverseId=FOMEX%24%24ALL_1414&BaseCurrencyId=MXN",,"https://es-us.finanzas.yahoo.com/q/hp?s=ACTIVARB.MX","ACTIVAR B",,"Personas físicas,Personas morales","RV Mexico","http://www.morningstar.com.mx/mx/funds/snapshot/snapshot.aspx?id=F000000597","09/07/1997","Renta Variable",,"Común - Indizado al IPC"
"BMV IPC PR MXN","http://lt.morningstar.com/7ap7omrzjm/snapshot/snapshot.aspx?id=F000001VYT&SecurityToken=F000001VYT%5d2%5d1%5dFOMEX%24%24ALL_1414&clearcache=true&ClientFund=1&LanguageId=es-MX&CurrencyId=MXN&UniverseId=FOMEX%24%24ALL_1414&BaseCurrencyId=MXN",,"https://es-us.finanzas.yahoo.com/q/hp?s=ACTIVARFF.MX","ACTIVAR FF",,"Fondo de fondos","RV Mexico","http://www.morningstar.com.mx/mx/funds/snapshot/snapshot.aspx?id=F000001VYT","07/04/2008","Renta Variable",,"Común - Indizado al IPC"
"BMV IPC PR MXN","http://lt.morningstar.com/7ap7omrzjm/snapshot/snapshot.aspx?id=F0000004XR&SecurityToken=F0000004XR%5d2%5d1%5dFOMEX%24%24ALL_1414&clearcache=true&ClientFund=1&LanguageId=es-MX&CurrencyId=MXN&UniverseId=FOMEX%24%24ALL_1414&BaseCurrencyId=MXN",,"https://es-us.finanzas.yahoo.com/q/hp?s=AFIRCORB.MX","AFIRCOR B",,"Personas físicas","Otros","http://www.morningstar.com.mx/mx/funds/snapshot/snapshot.aspx?id=F0000004XR","01/10/2001","Renta Variable",,"Común - Mercado de dinero"
"15% S&P Valmer MEX BonosM, 15% S&P Valmer MEX BPA182, 10% S&P Valmer MEX CETES 364D, 10% S&P Valmer MEX Corporativo AAA Tasa Fija, 15% S&P Valmer MEX Corp AAA Tasa Variable, 10% S&P Valmer MEX UDIBonos, 15% Others, 10% VALMER MEX BONOSM M0","http://lt.morningstar.com/7ap7omrzjm/snapshot/snapshot.aspx?id=F0000005GS&SecurityToken=F0000005GS%5d2%5d0%5dFOMEX%24%24ALL_1414&clearcache=true&ClientFund=0&LanguageId=es-MX&CurrencyId=MXN&UniverseId=FOMEX%24%24ALL_1414&BaseCurrencyId=MXN",,"https://es-us.finanzas.yahoo.com/q/hp?s=ORIONB1.MX","ORION B-1","https://es-us.finanzas.yahoo.com/q/hp?s=ORIONB-1.MX","Personas físicas","Deuda Largo Plazo","http://www.morningstar.com.mx/mx/funds/snapshot/snapshot.aspx?id=F0000005GS","03/09/2005","Deuda",,"-"
"15% S&P Valmer MEX BonosM, 15% S&P Valmer MEX BPA182, 10% S&P Valmer MEX CETES 364D, 10% S&P Valmer MEX Corporativo AAA Tasa Fija, 15% S&P Valmer MEX Corp AAA Tasa Variable, 10% S&P Valmer MEX UDIBonos, 15% Others, 10% VALMER MEX BONOSM M0","http://lt.morningstar.com/7ap7omrzjm/snapshot/snapshot.aspx?id=F0000005HP&SecurityToken=F0000005HP%5d2%5d0%5dFOMEX%24%24ALL_1414&clearcache=true&ClientFund=0&LanguageId=es-MX&CurrencyId=MXN&UniverseId=FOMEX%24%24ALL_1414&BaseCurrencyId=MXN",,"https://es-us.finanzas.yahoo.com/q/hp?s=ORIONB2.MX","ORION B-2","https://es-us.finanzas.yahoo.com/q/hp?s=ORIONB-2.MX","Personas físicas","Deuda Largo Plazo","http://www.morningstar.com.mx/mx/funds/snapshot/snapshot.aspx?id=F0000005HP","03/09/2005","Deuda",,"-"
"15% S&P Valmer MEX BonosM, 15% S&P Valmer MEX BPA182, 10% S&P Valmer MEX CETES 364D, 10% S&P Valmer MEX Corporativo AAA Tasa Fija, 15% S&P Valmer MEX Corp AAA Tasa Variable, 10% S&P Valmer MEX UDIBonos, 15% Others, 10% VALMER MEX BONOSM M0","http://lt.morningstar.com/7ap7omrzjm/snapshot/snapshot.aspx?id=F0000005GP&SecurityToken=F0000005GP%5d2%5d0%5dFOMEX%24%24ALL_1414&clearcache=true&ClientFund=0&LanguageId=es-MX&CurrencyId=MXN&UniverseId=FOMEX%24%24ALL_1414&BaseCurrencyId=MXN",,"https://es-us.finanzas.yahoo.com/q/hp?s=ORIONB3.MX","ORION B-3","https://es-us.finanzas.yahoo.com/q/hp?s=ORIONB-3.MX","Personas físicas","Deuda Largo Plazo","http://www.morningstar.com.mx/mx/funds/snapshot/snapshot.aspx?id=F0000005GP","06/10/2000","Deuda",,"-"
"15% S&P Valmer MEX BonosM, 15% S&P Valmer MEX BPA182, 10% S&P Valmer MEX CETES 364D, 10% S&P Valmer MEX Corporativo AAA Tasa Fija, 15% S&P Valmer MEX Corp AAA Tasa Variable, 10% S&P Valmer MEX UDIBonos, 15% Others, 10% VALMER MEX BONOSM M0","http://lt.morningstar.com/7ap7omrzjm/snapshot/snapshot.aspx?id=F00000VPR1&SecurityToken=F00000VPR1%5d2%5d0%5dFOMEX%24%24ALL_1414&clearcache=true&ClientFund=0&LanguageId=es-MX&CurrencyId=MXN&UniverseId=FOMEX%24%24ALL_1414&BaseCurrencyId=MXN",,"https://es-us.finanzas.yahoo.com/q/hp?s=ORIONF1.MX","ORION F-1","https://es-us.finanzas.yahoo.com/q/hp?s=ORIONF-1.MX","Personas físicas","Deuda Largo Plazo","http://www.morningstar.com.mx/mx/funds/snapshot/snapshot.aspx?id=F00000VPR1","13/02/2015","-",,"-"
"15% S&P Valmer MEX BonosM, 15% S&P Valmer MEX BPA182, 10% S&P Valmer MEX CETES 364D, 10% S&P Valmer MEX Corporativo AAA Tasa Fija, 15% S&P Valmer MEX Corp AAA Tasa Variable, 10% S&P Valmer MEX UDIBonos, 15% Others, 10% VALMER MEX BONOSM M0","http://lt.morningstar.com/7ap7omrzjm/snapshot/snapshot.aspx?id=F00000VPR2&SecurityToken=F00000VPR2%5d2%5d0%5dFOMEX%24%24ALL_1414&clearcache=true&ClientFund=0&LanguageId=es-MX&CurrencyId=MXN&UniverseId=FOMEX%24%24ALL_1414&BaseCurrencyId=MXN",,"https://es-us.finanzas.yahoo.com/q/hp?s=ORIONF2.MX","ORION F-2","https://es-us.finanzas.yahoo.com/q/hp?s=ORIONF-2.MX","Personas físicas","Deuda Largo Plazo","http://www.morningstar.com.mx/mx/funds/snapshot/snapshot.aspx?id=F00000VPR2","13/02/2015","-",,"-"
