"h_benchmark_fondos","j_link_cnbv","b_clas_cnbv","l_link_yahoofinanzas1","a_emisora","m_link_yahoofinanzas2","d_adquiriente","e_cat_cnbv","k_link_morningstar","g_fecha_inicio","f_cat_fondos"
"70% MSCI All Country World, 30% VLMR_MEX_CETES_28D","http://lt.morningstar.com/7ap7omrzjm/snapshot/snapshot.aspx?id=F00000VZUH&SecurityToken=F00000VZUH%5d2%5d0%5dFOMEX%24%24ALL_1414&clearcache=true&ClientFund=0&LanguageId=es-MX&CurrencyId=MXN&UniverseId=FOMEX%24%24ALL_1414&BaseCurrencyId=MXN","-","https://es-us.finanzas.yahoo.com/q/hp?s=AXESGLOFF1.MX","AXESGLO FF1",,"Fondo de fondos","RV Global","http://www.morningstar.com.mx/mx/funds/snapshot/snapshot.aspx?id=F00000VZUH","19/05/2015","-"
"70% MSCI All Country World, 30% VLMR_MEX_CETES_28D","http://lt.morningstar.com/7ap7omrzjm/snapshot/snapshot.aspx?id=F00000VZUF&SecurityToken=F00000VZUF%5d2%5d0%5dFOMEX%24%24ALL_1414&clearcache=true&ClientFund=0&LanguageId=es-MX&CurrencyId=MXN&UniverseId=FOMEX%24%24ALL_1414&BaseCurrencyId=MXN","-","https://es-us.finanzas.yahoo.com/q/hp?s=AXESGLOF3.MX","AXESGLO F3",,"Personas físicas","RV Global","http://www.morningstar.com.mx/mx/funds/snapshot/snapshot.aspx?id=F00000VZUF","24/04/2015","-"
"70% MSCI All Country World, 30% VLMR_MEX_CETES_28D","http://lt.morningstar.com/7ap7omrzjm/snapshot/snapshot.aspx?id=F00000VZUK&SecurityToken=F00000VZUK%5d2%5d0%5dFOMEX%24%24ALL_1414&clearcache=true&ClientFund=0&LanguageId=es-MX&CurrencyId=MXN&UniverseId=FOMEX%24%24ALL_1414&BaseCurrencyId=MXN","-","https://es-us.finanzas.yahoo.com/q/hp?s=AXESGLOF2.MX","AXESGLO F2",,"Personas físicas","RV Global","http://www.morningstar.com.mx/mx/funds/snapshot/snapshot.aspx?id=F00000VZUK","15/05/2015","-"
"70% MSCI All Country World, 30% VLMR_MEX_CETES_28D","http://lt.morningstar.com/7ap7omrzjm/snapshot/snapshot.aspx?id=F00000VZUC&SecurityToken=F00000VZUC%5d2%5d0%5dFOMEX%24%24ALL_1414&clearcache=true&ClientFund=0&LanguageId=es-MX&CurrencyId=MXN&UniverseId=FOMEX%24%24ALL_1414&BaseCurrencyId=MXN","-","https://es-us.finanzas.yahoo.com/q/hp?s=AXESGLOF1.MX","AXESGLO F1",,"Personas físicas","RV Global","http://www.morningstar.com.mx/mx/funds/snapshot/snapshot.aspx?id=F00000VZUC","04/05/2015","-"
"70% MSCI All Country World, 30% VLMR_MEX_CETES_28D","http://lt.morningstar.com/7ap7omrzjm/snapshot/snapshot.aspx?id=F00000VZUA&SecurityToken=F00000VZUA%5d2%5d0%5dFOMEX%24%24ALL_1414&clearcache=true&ClientFund=0&LanguageId=es-MX&CurrencyId=MXN&UniverseId=FOMEX%24%24ALL_1414&BaseCurrencyId=MXN","-","https://es-us.finanzas.yahoo.com/q/hp?s=AXESGLOA.MX","AXESGLO A",,"-","RV Global","http://www.morningstar.com.mx/mx/funds/snapshot/snapshot.aspx?id=F00000VZUA","22/04/2015","-"
"S&P Valmer MEX Tasa Variable Gub 12M","http://lt.morningstar.com/7ap7omrzjm/snapshot/snapshot.aspx?id=F000005N3P&SecurityToken=F000005N3P%5d2%5d1%5dFOMEX%24%24ALL_1414&clearcache=true&ClientFund=1&LanguageId=es-MX&CurrencyId=MXN&UniverseId=FOMEX%24%24ALL_1414&BaseCurrencyId=MXN","Dueda PF - Agresivo","https://es-us.finanzas.yahoo.com/q/hp?s=AXESMPF2.MX","AXESMP F2",,"Personas físicas","Deuda Mediano Plazo","http://www.morningstar.com.mx/mx/funds/snapshot/snapshot.aspx?id=F000005N3P","06/10/2000","Deuda"
"S&P Valmer MEX Tasa Variable Gub 12M","http://lt.morningstar.com/7ap7omrzjm/snapshot/snapshot.aspx?id=F000000SX9&SecurityToken=F000000SX9%5d2%5d1%5dFOMEX%24%24ALL_1414&clearcache=true&ClientFund=1&LanguageId=es-MX&CurrencyId=MXN&UniverseId=FOMEX%24%24ALL_1414&BaseCurrencyId=MXN","Dueda PF - Agresivo","https://es-us.finanzas.yahoo.com/q/hp?s=AXESMPF1.MX","AXESMP F1",,"Personas físicas","Deuda Mediano Plazo","http://www.morningstar.com.mx/mx/funds/snapshot/snapshot.aspx?id=F000000SX9","01/10/2004","Deuda"
"S&P Valmer MEX Tasa Variable Gub 12M","http://lt.morningstar.com/7ap7omrzjm/snapshot/snapshot.aspx?id=F00000W58Z&SecurityToken=F00000W58Z%5d2%5d0%5dFOMEX%24%24ALL_1414&clearcache=true&ClientFund=0&LanguageId=es-MX&CurrencyId=MXN&UniverseId=FOMEX%24%24ALL_1414&BaseCurrencyId=MXN","Dueda PF - Agresivo","https://es-us.finanzas.yahoo.com/q/hp?s=AXESMPE3.MX","AXESMP E3",,"No contribuyentes","Deuda Mediano Plazo","http://www.morningstar.com.mx/mx/funds/snapshot/snapshot.aspx?id=F00000W58Z","02/07/2015","-"
"S&P Valmer MEX Tasa Variable Gub 12M","http://lt.morningstar.com/7ap7omrzjm/snapshot/snapshot.aspx?id=F00000VXW3&SecurityToken=F00000VXW3%5d2%5d0%5dFOMEX%24%24ALL_1414&clearcache=true&ClientFund=0&LanguageId=es-MX&CurrencyId=MXN&UniverseId=FOMEX%24%24ALL_1414&BaseCurrencyId=MXN","Dueda PF - Agresivo","https://es-us.finanzas.yahoo.com/q/hp?s=AXESMPE2.MX","AXESMP E2",,"No contribuyentes","Deuda Mediano Plazo","http://www.morningstar.com.mx/mx/funds/snapshot/snapshot.aspx?id=F00000VXW3","22/05/2015","-"
"STOXX 50","http://lt.morningstar.com/7ap7omrzjm/snapshot/snapshot.aspx?id=F00000VZUG&SecurityToken=F00000VZUG%5d2%5d0%5dFOMEX%24%24ALL_1414&clearcache=true&ClientFund=0&LanguageId=es-MX&CurrencyId=MXN&UniverseId=FOMEX%24%24ALL_1414&BaseCurrencyId=MXN","-","https://es-us.finanzas.yahoo.com/q/hp?s=AXESEDMM1.MX","AXESEDM M1",,"Personas morales","Otros","http://www.morningstar.com.mx/mx/funds/snapshot/snapshot.aspx?id=F00000VZUG","19/05/2015","-"
"20% VLMR_MEX_CETES_28D, 80% BMV IPC PR MXN","http://lt.morningstar.com/7ap7omrzjm/snapshot/snapshot.aspx?id=F00000VZU1&SecurityToken=F00000VZU1%5d2%5d0%5dFOMEX%24%24ALL_1414&clearcache=true&ClientFund=0&LanguageId=es-MX&CurrencyId=MXN&UniverseId=FOMEX%24%24ALL_1414&BaseCurrencyId=MXN","-","https://es-us.finanzas.yahoo.com/q/hp?s=AXESBMVF1.MX","AXESBMV F1",,"Personas físicas","RV Mexico","http://www.morningstar.com.mx/mx/funds/snapshot/snapshot.aspx?id=F00000VZU1","28/04/2015","-"
"S&P Valmer MEX FGUBER","http://lt.morningstar.com/7ap7omrzjm/snapshot/snapshot.aspx?id=F000001WEH&SecurityToken=F000001WEH%5d2%5d1%5dFOMEX%24%24ALL_1414&clearcache=true&ClientFund=1&LanguageId=es-MX&CurrencyId=MXN&UniverseId=FOMEX%24%24ALL_1414&BaseCurrencyId=MXN","Dueda PF - Agresivo","https://es-us.finanzas.yahoo.com/q/hp?s=ALTERNAE.MX","ALTERNA E",,"No contribuyentes","Deuda Flexible","http://www.morningstar.com.mx/mx/funds/snapshot/snapshot.aspx?id=F000001WEH","09/11/2007","Deuda"
"FTSE-PiP Fondeo G 24hrs","http://lt.morningstar.com/7ap7omrzjm/snapshot/snapshot.aspx?id=F000001WEN&SecurityToken=F000001WEN%5d2%5d1%5dFOMEX%24%24ALL_1414&clearcache=true&ClientFund=1&LanguageId=es-MX&CurrencyId=MXN&UniverseId=FOMEX%24%24ALL_1414&BaseCurrencyId=MXN","Deuda PF - Bancario y gubernamental","https://es-us.finanzas.yahoo.com/q/hp?s=AFIRVISBM.MX","AFIRVIS BM",,"Personas morales","Deuda Corto Plazo","http://www.morningstar.com.mx/mx/funds/snapshot/snapshot.aspx?id=F000001WEN","05/02/2007","Deuda"
"FTSE-PiP Fondeo G 24hrs","http://lt.morningstar.com/7ap7omrzjm/snapshot/snapshot.aspx?id=F0000004XC&SecurityToken=F0000004XC%5d2%5d1%5dFOMEX%24%24ALL_1414&clearcache=true&ClientFund=1&LanguageId=es-MX&CurrencyId=MXN&UniverseId=FOMEX%24%24ALL_1414&BaseCurrencyId=MXN","Deuda PF - Bancario y gubernamental","https://es-us.finanzas.yahoo.com/q/hp?s=AFIRMESD.MX","AFIRMES D",,"Personas físicas","Deuda Gubernamental - Corto Plazo","http://www.morningstar.com.mx/mx/funds/snapshot/snapshot.aspx?id=F0000004XC","01/06/2004","Deuda"
"BMV IPC PR MXN","http://lt.morningstar.com/7ap7omrzjm/snapshot/snapshot.aspx?id=F000001W9N&SecurityToken=F000001W9N%5d2%5d1%5dFOMEX%24%24ALL_1414&clearcache=true&ClientFund=1&LanguageId=es-MX&CurrencyId=MXN&UniverseId=FOMEX%24%24ALL_1414&BaseCurrencyId=MXN","Común - Mercado de dinero","https://es-us.finanzas.yahoo.com/q/hp?s=AFIRCORB1.MX","AFIRCOR B1",,"Personas físicas","Otros","http://www.morningstar.com.mx/mx/funds/snapshot/snapshot.aspx?id=F000001W9N","06/02/2008","Renta Variable"
"MEX_PREPUDIS","http://lt.morningstar.com/7ap7omrzjm/snapshot/snapshot.aspx?id=F0000026EV&SecurityToken=F0000026EV%5d2%5d1%5dFOMEX%24%24ALL_1414&clearcache=true&ClientFund=1&LanguageId=es-MX&CurrencyId=MXN&UniverseId=FOMEX%24%24ALL_1414&BaseCurrencyId=MXN","Deuda PF - Especializada en tasa real","https://es-us.finanzas.yahoo.com/q/hp?s=BREALP.MX","B+REAL P",,"Personas físicas","Deuda Tasa Real","http://www.morningstar.com.mx/mx/funds/snapshot/snapshot.aspx?id=F0000026EV","19/06/1987","Deuda"
"Sin Benchmark","http://lt.morningstar.com/7ap7omrzjm/snapshot/snapshot.aspx?id=F00000VZTF&SecurityToken=F00000VZTF%5d2%5d0%5dFOMEX%24%24ALL_1414&clearcache=true&ClientFund=0&LanguageId=es-MX&CurrencyId=MXN&UniverseId=FOMEX%24%24ALL_1414&BaseCurrencyId=MXN","-","https://es-us.finanzas.yahoo.com/q/hp?s=BEST2C.MX","B+EST2 C",,"Personas físicas","Fondos Capital Protegido","http://www.morningstar.com.mx/mx/funds/snapshot/snapshot.aspx?id=F00000VZTF","03/09/2012","-"
"Sin Benchmark","http://lt.morningstar.com/7ap7omrzjm/snapshot/snapshot.aspx?id=F00000OTRT&SecurityToken=F00000OTRT%5d2%5d1%5dFOMEX%24%24ALL_1414&clearcache=true&ClientFund=1&LanguageId=es-MX&CurrencyId=MXN&UniverseId=FOMEX%24%24ALL_1414&BaseCurrencyId=MXN","Común - Agresivo","https://es-us.finanzas.yahoo.com/q/hp?s=BEST1PV.MX","B+EST1 PV",,"Personas físicas","Fondos Capital Protegido","http://www.morningstar.com.mx/mx/funds/snapshot/snapshot.aspx?id=F00000OTRT","03/09/2012","Renta Variable"
"Sin Benchmark","http://lt.morningstar.com/7ap7omrzjm/snapshot/snapshot.aspx?id=F00000OSHR&SecurityToken=F00000OSHR%5d2%5d1%5dFOMEX%24%24ALL_1414&clearcache=true&ClientFund=1&LanguageId=es-MX&CurrencyId=MXN&UniverseId=FOMEX%24%24ALL_1414&BaseCurrencyId=MXN","Común - Agresivo","https://es-us.finanzas.yahoo.com/q/hp?s=BEST1P.MX","B+EST1 P",,"Personas físicas","Fondos Capital Protegido","http://www.morningstar.com.mx/mx/funds/snapshot/snapshot.aspx?id=F00000OSHR","03/09/2012","Renta Variable"
"Sin Benchmark","http://lt.morningstar.com/7ap7omrzjm/snapshot/snapshot.aspx?id=F00000OURX&SecurityToken=F00000OURX%5d2%5d1%5dFOMEX%24%24ALL_1414&clearcache=true&ClientFund=1&LanguageId=es-MX&CurrencyId=MXN&UniverseId=FOMEX%24%24ALL_1414&BaseCurrencyId=MXN","Común - Agresivo","https://es-us.finanzas.yahoo.com/q/hp?s=BEST1GB.MX","B+EST1 GB",,"Personas físicas","Fondos Capital Protegido","http://www.morningstar.com.mx/mx/funds/snapshot/snapshot.aspx?id=F00000OURX","03/09/2012","Renta Variable"
"Sin Benchmark","http://lt.morningstar.com/7ap7omrzjm/snapshot/snapshot.aspx?id=F00000059P&SecurityToken=F00000059P%5d2%5d1%5dFOMEX%24%24ALL_1414&clearcache=true&ClientFund=1&LanguageId=es-MX&CurrencyId=MXN&UniverseId=FOMEX%24%24ALL_1414&BaseCurrencyId=MXN","Común - Agresivo","https://es-us.finanzas.yahoo.com/q/hp?s=BEST1C.MX","B+EST1 C",,"Personas físicas","Fondos Capital Protegido","http://www.morningstar.com.mx/mx/funds/snapshot/snapshot.aspx?id=F00000059P","27/09/1987","Renta Variable"
"S&P Valmer MEX FGUBER","http://lt.morningstar.com/7ap7omrzjm/snapshot/snapshot.aspx?id=F00000459Y&SecurityToken=F00000459Y%5d2%5d1%5dFOMEX%24%24ALL_1414&clearcache=true&ClientFund=1&LanguageId=es-MX&CurrencyId=MXN&UniverseId=FOMEX%24%24ALL_1414&BaseCurrencyId=MXN","Dueda PF - Agresivo","https://es-us.finanzas.yahoo.com/q/hp?s=BEDUCAE.MX","B+EDUCA E",,"Personas morales","Mercado de Dinero MXN","http://www.morningstar.com.mx/mx/funds/snapshot/snapshot.aspx?id=F00000459Y","01/09/2009","Deuda"
"S&P Valmer MEX FGUBER","http://lt.morningstar.com/7ap7omrzjm/snapshot/snapshot.aspx?id=F00000459J&SecurityToken=F00000459J%5d2%5d1%5dFOMEX%24%24ALL_1414&clearcache=true&ClientFund=1&LanguageId=es-MX&CurrencyId=MXN&UniverseId=FOMEX%24%24ALL_1414&BaseCurrencyId=MXN","Dueda PF - Agresivo","https://es-us.finanzas.yahoo.com/q/hp?s=BEDUCAB.MX","B+EDUCA B",,"Personas físicas","Mercado de Dinero MXN","http://www.morningstar.com.mx/mx/funds/snapshot/snapshot.aspx?id=F00000459J","01/09/2009","Deuda"
"MEXCOMP_CP1","http://lt.morningstar.com/7ap7omrzjm/snapshot/snapshot.aspx?id=F00000QAGM&SecurityToken=F00000QAGM%5d2%5d1%5dFOMEX%24%24ALL_1414&clearcache=true&ClientFund=1&LanguageId=es-MX&CurrencyId=MXN&UniverseId=FOMEX%24%24ALL_1414&BaseCurrencyId=MXN","Dueda PF - Agresivo","https://es-us.finanzas.yahoo.com/q/hp?s=BCORPUHN.MX","B+CORP UHN",,"Personas físicas","Deuda Largo Plazo","http://www.morningstar.com.mx/mx/funds/snapshot/snapshot.aspx?id=F00000QAGM","29/07/2013","Deuda"
"MEXCOMP_CP1","http://lt.morningstar.com/7ap7omrzjm/snapshot/snapshot.aspx?id=F00000M7SF&SecurityToken=F00000M7SF%5d2%5d1%5dFOMEX%24%24ALL_1414&clearcache=true&ClientFund=1&LanguageId=es-MX&CurrencyId=MXN&UniverseId=FOMEX%24%24ALL_1414&BaseCurrencyId=MXN","Dueda PF - Agresivo","https://es-us.finanzas.yahoo.com/q/hp?s=BCORPTF.MX","B+CORP TF",,"Personas físicas","Deuda Largo Plazo","http://www.morningstar.com.mx/mx/funds/snapshot/snapshot.aspx?id=F00000M7SF","15/12/2010","Deuda"
"MEXCOMP_CP1","http://lt.morningstar.com/7ap7omrzjm/snapshot/snapshot.aspx?id=F00000M1GZ&SecurityToken=F00000M1GZ%5d2%5d1%5dFOMEX%24%24ALL_1414&clearcache=true&ClientFund=1&LanguageId=es-MX&CurrencyId=MXN&UniverseId=FOMEX%24%24ALL_1414&BaseCurrencyId=MXN","Dueda PF - Agresivo","https://es-us.finanzas.yahoo.com/q/hp?s=BCORPPV.MX","B+CORP PV",,"Personas físicas","Deuda Largo Plazo","http://www.morningstar.com.mx/mx/funds/snapshot/snapshot.aspx?id=F00000M1GZ","15/12/2010","Deuda"
"MEXCOMP_CP1","http://lt.morningstar.com/7ap7omrzjm/snapshot/snapshot.aspx?id=F00000LZH8&SecurityToken=F00000LZH8%5d2%5d1%5dFOMEX%24%24ALL_1414&clearcache=true&ClientFund=1&LanguageId=es-MX&CurrencyId=MXN&UniverseId=FOMEX%24%24ALL_1414&BaseCurrencyId=MXN","Dueda PF - Agresivo","https://es-us.finanzas.yahoo.com/q/hp?s=BCORPP.MX","B+CORP P",,"Personas físicas","Deuda Largo Plazo","http://www.morningstar.com.mx/mx/funds/snapshot/snapshot.aspx?id=F00000LZH8","15/12/2010","Deuda"
"MEXCOMP_CP1","http://lt.morningstar.com/7ap7omrzjm/snapshot/snapshot.aspx?id=F00000MRMY&SecurityToken=F00000MRMY%5d2%5d1%5dFOMEX%24%24ALL_1414&clearcache=true&ClientFund=1&LanguageId=es-MX&CurrencyId=MXN&UniverseId=FOMEX%24%24ALL_1414&BaseCurrencyId=MXN","Dueda PF - Agresivo","https://es-us.finanzas.yahoo.com/q/hp?s=BCORPNC.MX","B+CORP NC",,"No contribuyentes","Deuda Largo Plazo","http://www.morningstar.com.mx/mx/funds/snapshot/snapshot.aspx?id=F00000MRMY","15/12/2010","Deuda"
"MEXCOMP_CP1","http://lt.morningstar.com/7ap7omrzjm/snapshot/snapshot.aspx?id=F00000M7SE&SecurityToken=F00000M7SE%5d2%5d1%5dFOMEX%24%24ALL_1414&clearcache=true&ClientFund=1&LanguageId=es-MX&CurrencyId=MXN&UniverseId=FOMEX%24%24ALL_1414&BaseCurrencyId=MXN","Dueda PF - Agresivo","https://es-us.finanzas.yahoo.com/q/hp?s=BCORPGB.MX","B+CORP GB",,"Personas físicas","Deuda Largo Plazo","http://www.morningstar.com.mx/mx/funds/snapshot/snapshot.aspx?id=F00000M7SE","15/12/2010","Deuda"
"MEXCOMP_CP1","http://lt.morningstar.com/7ap7omrzjm/snapshot/snapshot.aspx?id=F00000M1GY&SecurityToken=F00000M1GY%5d2%5d1%5dFOMEX%24%24ALL_1414&clearcache=true&ClientFund=1&LanguageId=es-MX&CurrencyId=MXN&UniverseId=FOMEX%24%24ALL_1414&BaseCurrencyId=MXN","Dueda PF - Agresivo","https://es-us.finanzas.yahoo.com/q/hp?s=BCORPE.MX","B+CORP E",,"Personas morales","Deuda Largo Plazo","http://www.morningstar.com.mx/mx/funds/snapshot/snapshot.aspx?id=F00000M1GY","15/12/2010","Deuda"
"MEXCOMP_CP1","http://lt.morningstar.com/7ap7omrzjm/snapshot/snapshot.aspx?id=F00000QAGL&SecurityToken=F00000QAGL%5d2%5d1%5dFOMEX%24%24ALL_1414&clearcache=true&ClientFund=1&LanguageId=es-MX&CurrencyId=MXN&UniverseId=FOMEX%24%24ALL_1414&BaseCurrencyId=MXN","Dueda PF - Agresivo","https://es-us.finanzas.yahoo.com/q/hp?s=BCORPC.MX","B+CORP C",,"Personas físicas","Deuda Largo Plazo","http://www.morningstar.com.mx/mx/funds/snapshot/snapshot.aspx?id=F00000QAGL","29/07/2013","Deuda"
"S&P Valmer MEX Tasa Variable Gub 12M","http://lt.morningstar.com/7ap7omrzjm/snapshot/snapshot.aspx?id=F00000W1GK&SecurityToken=F00000W1GK%5d2%5d0%5dFOMEX%24%24ALL_1414&clearcache=true&ClientFund=0&LanguageId=es-MX&CurrencyId=MXN&UniverseId=FOMEX%24%24ALL_1414&BaseCurrencyId=MXN","Dueda PF - Agresivo","https://es-us.finanzas.yahoo.com/q/hp?s=AXESMPM3.MX","AXESMP M3",,"Personas morales","Deuda Mediano Plazo","http://www.morningstar.com.mx/mx/funds/snapshot/snapshot.aspx?id=F00000W1GK","18/06/2015","-"
"S&P Valmer MEX Tasa Variable Gub 12M","http://lt.morningstar.com/7ap7omrzjm/snapshot/snapshot.aspx?id=F000005N3R&SecurityToken=F000005N3R%5d2%5d1%5dFOMEX%24%24ALL_1414&clearcache=true&ClientFund=1&LanguageId=es-MX&CurrencyId=MXN&UniverseId=FOMEX%24%24ALL_1414&BaseCurrencyId=MXN","Dueda PF - Agresivo","https://es-us.finanzas.yahoo.com/q/hp?s=AXESMPM2.MX","AXESMP M2",,"Personas morales","Deuda Mediano Plazo","http://www.morningstar.com.mx/mx/funds/snapshot/snapshot.aspx?id=F000005N3R","17/12/2009","Deuda"
"S&P Valmer MEX Tasa Variable Gub 12M","http://lt.morningstar.com/7ap7omrzjm/snapshot/snapshot.aspx?id=F00000118Y&SecurityToken=F00000118Y%5d2%5d1%5dFOMEX%24%24ALL_1414&clearcache=true&ClientFund=1&LanguageId=es-MX&CurrencyId=MXN&UniverseId=FOMEX%24%24ALL_1414&BaseCurrencyId=MXN","Dueda PF - Agresivo","https://es-us.finanzas.yahoo.com/q/hp?s=AXESMPM1.MX","AXESMP M1",,"Personas morales","Deuda Mediano Plazo","http://www.morningstar.com.mx/mx/funds/snapshot/snapshot.aspx?id=F00000118Y","01/10/2004","Deuda"
"S&P Valmer MEX Tasa Variable Gub 12M","http://lt.morningstar.com/7ap7omrzjm/snapshot/snapshot.aspx?id=F00000VZY8&SecurityToken=F00000VZY8%5d2%5d0%5dFOMEX%24%24ALL_1414&clearcache=true&ClientFund=0&LanguageId=es-MX&CurrencyId=MXN&UniverseId=FOMEX%24%24ALL_1414&BaseCurrencyId=MXN","Dueda PF - Agresivo","https://es-us.finanzas.yahoo.com/q/hp?s=AXESMPFF1.MX","AXESMP FF1",,"Fondo de fondos","Deuda Mediano Plazo","http://www.morningstar.com.mx/mx/funds/snapshot/snapshot.aspx?id=F00000VZY8","29/05/2015","-"
"S&P Valmer MEX Tasa Variable Gub 12M","http://lt.morningstar.com/7ap7omrzjm/snapshot/snapshot.aspx?id=F000005N3Q&SecurityToken=F000005N3Q%5d2%5d1%5dFOMEX%24%24ALL_1414&clearcache=true&ClientFund=1&LanguageId=es-MX&CurrencyId=MXN&UniverseId=FOMEX%24%24ALL_1414&BaseCurrencyId=MXN","Dueda PF - Agresivo","https://es-us.finanzas.yahoo.com/q/hp?s=AXESMPF3.MX","AXESMP F3",,"Personas físicas","Deuda Mediano Plazo","http://www.morningstar.com.mx/mx/funds/snapshot/snapshot.aspx?id=F000005N3Q","17/12/2009","Deuda"
"MEX_PREPUDIS","http://lt.morningstar.com/7ap7omrzjm/snapshot/snapshot.aspx?id=F0000026EW&SecurityToken=F0000026EW%5d2%5d1%5dFOMEX%24%24ALL_1414&clearcache=true&ClientFund=1&LanguageId=es-MX&CurrencyId=MXN&UniverseId=FOMEX%24%24ALL_1414&BaseCurrencyId=MXN","Deuda PF - Especializada en tasa real","https://es-us.finanzas.yahoo.com/q/hp?s=BREALNC.MX","B+REAL NC",,"No contribuyentes","Deuda Tasa Real","http://www.morningstar.com.mx/mx/funds/snapshot/snapshot.aspx?id=F0000026EW","14/05/2007","Deuda"
"MEX_PREPUDIS","http://lt.morningstar.com/7ap7omrzjm/snapshot/snapshot.aspx?id=F00000TQNH&SecurityToken=F00000TQNH%5d2%5d1%5dFOMEX%24%24ALL_1414&clearcache=true&ClientFund=1&LanguageId=es-MX&CurrencyId=MXN&UniverseId=FOMEX%24%24ALL_1414&BaseCurrencyId=MXN","Deuda PF - Especializada en tasa real","https://es-us.finanzas.yahoo.com/q/hp?s=BREALGPF.MX","B+REAL GPF",,"Personas físicas","Deuda Tasa Real","http://www.morningstar.com.mx/mx/funds/snapshot/snapshot.aspx?id=F00000TQNH","13/12/2012","Deuda"
"MEX_PREPUDIS","http://lt.morningstar.com/7ap7omrzjm/snapshot/snapshot.aspx?id=F0000026F6&SecurityToken=F0000026F6%5d2%5d1%5dFOMEX%24%24ALL_1414&clearcache=true&ClientFund=1&LanguageId=es-MX&CurrencyId=MXN&UniverseId=FOMEX%24%24ALL_1414&BaseCurrencyId=MXN","Deuda PF - Especializada en tasa real","https://es-us.finanzas.yahoo.com/q/hp?s=BREALGB.MX","B+REAL GB",,"Personas físicas","Deuda Tasa Real","http://www.morningstar.com.mx/mx/funds/snapshot/snapshot.aspx?id=F0000026F6","14/05/2007","Deuda"
"MEX_PREPUDIS","http://lt.morningstar.com/7ap7omrzjm/snapshot/snapshot.aspx?id=F0000026EY&SecurityToken=F0000026EY%5d2%5d1%5dFOMEX%24%24ALL_1414&clearcache=true&ClientFund=1&LanguageId=es-MX&CurrencyId=MXN&UniverseId=FOMEX%24%24ALL_1414&BaseCurrencyId=MXN","Deuda PF - Especializada en tasa real","https://es-us.finanzas.yahoo.com/q/hp?s=BREALF.MX","B+REAL F",,"Fondo de fondos","Deuda Tasa Real","http://www.morningstar.com.mx/mx/funds/snapshot/snapshot.aspx?id=F0000026EY","14/05/2007","Deuda"
"MEX_PREPUDIS","http://lt.morningstar.com/7ap7omrzjm/snapshot/snapshot.aspx?id=F0000026EZ&SecurityToken=F0000026EZ%5d2%5d1%5dFOMEX%24%24ALL_1414&clearcache=true&ClientFund=1&LanguageId=es-MX&CurrencyId=MXN&UniverseId=FOMEX%24%24ALL_1414&BaseCurrencyId=MXN","Deuda PF - Especializada en tasa real","https://es-us.finanzas.yahoo.com/q/hp?s=BREALE.MX","B+REAL E",,"Personas morales","Deuda Tasa Real","http://www.morningstar.com.mx/mx/funds/snapshot/snapshot.aspx?id=F0000026EZ","14/05/2007","Deuda"
"MEX_PREPUDIS","http://lt.morningstar.com/7ap7omrzjm/snapshot/snapshot.aspx?id=F00000UFEN&SecurityToken=F00000UFEN%5d2%5d1%5dFOMEX%24%24ALL_1414&clearcache=true&ClientFund=1&LanguageId=es-MX&CurrencyId=MXN&UniverseId=FOMEX%24%24ALL_1414&BaseCurrencyId=MXN","Deuda PF - Especializada en tasa real","https://es-us.finanzas.yahoo.com/q/hp?s=BREALDF.MX","B+REAL DF",,"Personas físicas","Deuda Tasa Real","http://www.morningstar.com.mx/mx/funds/snapshot/snapshot.aspx?id=F00000UFEN","13/12/2012","Deuda"
"MEX_PREPUDIS","http://lt.morningstar.com/7ap7omrzjm/snapshot/snapshot.aspx?id=F00000JTMO&SecurityToken=F00000JTMO%5d2%5d1%5dFOMEX%24%24ALL_1414&clearcache=true&ClientFund=1&LanguageId=es-MX&CurrencyId=MXN&UniverseId=FOMEX%24%24ALL_1414&BaseCurrencyId=MXN","Deuda PF - Especializada en tasa real","https://es-us.finanzas.yahoo.com/q/hp?s=BREALC.MX","B+REAL C",,"Personas físicas","Deuda Tasa Real","http://www.morningstar.com.mx/mx/funds/snapshot/snapshot.aspx?id=F00000JTMO","23/09/2010","Deuda"
"Sin Benchmark","http://lt.morningstar.com/7ap7omrzjm/snapshot/snapshot.aspx?id=F00000VZTQ&SecurityToken=F00000VZTQ%5d2%5d0%5dFOMEX%24%24ALL_1414&clearcache=true&ClientFund=0&LanguageId=es-MX&CurrencyId=MXN&UniverseId=FOMEX%24%24ALL_1414&BaseCurrencyId=MXN","-","https://es-us.finanzas.yahoo.com/q/hp?s=BRADUHN.MX","B+RAD UHN",,"Personas físicas","Deuda Flexible","http://www.morningstar.com.mx/mx/funds/snapshot/snapshot.aspx?id=F00000VZTQ","20/02/2015","-"
"Sin Benchmark","http://lt.morningstar.com/7ap7omrzjm/snapshot/snapshot.aspx?id=F00000VZTT&SecurityToken=F00000VZTT%5d2%5d0%5dFOMEX%24%24ALL_1414&clearcache=true&ClientFund=0&LanguageId=es-MX&CurrencyId=MXN&UniverseId=FOMEX%24%24ALL_1414&BaseCurrencyId=MXN","-","https://es-us.finanzas.yahoo.com/q/hp?s=BRADPV.MX","B+RAD PV",,"Personas físicas","Deuda Flexible","http://www.morningstar.com.mx/mx/funds/snapshot/snapshot.aspx?id=F00000VZTT","20/02/2015","-"
"Sin Benchmark","http://lt.morningstar.com/7ap7omrzjm/snapshot/snapshot.aspx?id=F00000VZTO&SecurityToken=F00000VZTO%5d2%5d0%5dFOMEX%24%24ALL_1414&clearcache=true&ClientFund=0&LanguageId=es-MX&CurrencyId=MXN&UniverseId=FOMEX%24%24ALL_1414&BaseCurrencyId=MXN","-","https://es-us.finanzas.yahoo.com/q/hp?s=BRADP.MX","B+RAD P",,"Personas físicas","Deuda Flexible","http://www.morningstar.com.mx/mx/funds/snapshot/snapshot.aspx?id=F00000VZTO","20/02/2015","-"
"Sin Benchmark","http://lt.morningstar.com/7ap7omrzjm/snapshot/snapshot.aspx?id=F00000VZTR&SecurityToken=F00000VZTR%5d2%5d0%5dFOMEX%24%24ALL_1414&clearcache=true&ClientFund=0&LanguageId=es-MX&CurrencyId=MXN&UniverseId=FOMEX%24%24ALL_1414&BaseCurrencyId=MXN","-","https://es-us.finanzas.yahoo.com/q/hp?s=BRADNC.MX","B+RAD NC",,"No contribuyentes","Deuda Flexible","http://www.morningstar.com.mx/mx/funds/snapshot/snapshot.aspx?id=F00000VZTR","20/02/2015","-"
"Sin Benchmark","http://lt.morningstar.com/7ap7omrzjm/snapshot/snapshot.aspx?id=F00000VZTM&SecurityToken=F00000VZTM%5d2%5d0%5dFOMEX%24%24ALL_1414&clearcache=true&ClientFund=0&LanguageId=es-MX&CurrencyId=MXN&UniverseId=FOMEX%24%24ALL_1414&BaseCurrencyId=MXN","-","https://es-us.finanzas.yahoo.com/q/hp?s=BRADGB.MX","B+RAD GB",,"Personas físicas","Deuda Flexible","http://www.morningstar.com.mx/mx/funds/snapshot/snapshot.aspx?id=F00000VZTM","20/02/2015","-"
"Sin Benchmark","http://lt.morningstar.com/7ap7omrzjm/snapshot/snapshot.aspx?id=F00000VZTP&SecurityToken=F00000VZTP%5d2%5d0%5dFOMEX%24%24ALL_1414&clearcache=true&ClientFund=0&LanguageId=es-MX&CurrencyId=MXN&UniverseId=FOMEX%24%24ALL_1414&BaseCurrencyId=MXN","-","https://es-us.finanzas.yahoo.com/q/hp?s=BRADE.MX","B+RAD E",,"Personas morales","Deuda Flexible","http://www.morningstar.com.mx/mx/funds/snapshot/snapshot.aspx?id=F00000VZTP","20/02/2015","-"
"Sin Benchmark","http://lt.morningstar.com/7ap7omrzjm/snapshot/snapshot.aspx?id=F00000VZTK&SecurityToken=F00000VZTK%5d2%5d0%5dFOMEX%24%24ALL_1414&clearcache=true&ClientFund=0&LanguageId=es-MX&CurrencyId=MXN&UniverseId=FOMEX%24%24ALL_1414&BaseCurrencyId=MXN","-","https://es-us.finanzas.yahoo.com/q/hp?s=BRADC.MX","B+RAD C",,"Personas físicas","Deuda Flexible","http://www.morningstar.com.mx/mx/funds/snapshot/snapshot.aspx?id=F00000VZTK","20/02/2015","-"
"Sin Benchmark","http://lt.morningstar.com/7ap7omrzjm/snapshot/snapshot.aspx?id=F00000VZTN&SecurityToken=F00000VZTN%5d2%5d0%5dFOMEX%24%24ALL_1414&clearcache=true&ClientFund=0&LanguageId=es-MX&CurrencyId=MXN&UniverseId=FOMEX%24%24ALL_1414&BaseCurrencyId=MXN","-","https://es-us.finanzas.yahoo.com/q/hp?s=BRADA.MX","B+RAD A",,"-","Deuda Flexible","http://www.morningstar.com.mx/mx/funds/snapshot/snapshot.aspx?id=F00000VZTN","20/02/2015","-"
"Sin Benchmark","http://lt.morningstar.com/7ap7omrzjm/snapshot/snapshot.aspx?id=F00000VZTI&SecurityToken=F00000VZTI%5d2%5d0%5dFOMEX%24%24ALL_1414&clearcache=true&ClientFund=0&LanguageId=es-MX&CurrencyId=MXN&UniverseId=FOMEX%24%24ALL_1414&BaseCurrencyId=MXN","-","https://es-us.finanzas.yahoo.com/q/hp?s=BEST2UHN.MX","B+EST2 UHN",,"Personas físicas","Fondos Capital Protegido","http://www.morningstar.com.mx/mx/funds/snapshot/snapshot.aspx?id=F00000VZTI","03/09/2012","-"
"Sin Benchmark","http://lt.morningstar.com/7ap7omrzjm/snapshot/snapshot.aspx?id=F00000VZTL&SecurityToken=F00000VZTL%5d2%5d0%5dFOMEX%24%24ALL_1414&clearcache=true&ClientFund=0&LanguageId=es-MX&CurrencyId=MXN&UniverseId=FOMEX%24%24ALL_1414&BaseCurrencyId=MXN","-","https://es-us.finanzas.yahoo.com/q/hp?s=BEST2PV.MX","B+EST2 PV",,"Personas físicas","Fondos Capital Protegido","http://www.morningstar.com.mx/mx/funds/snapshot/snapshot.aspx?id=F00000VZTL","03/09/2012","-"
"Sin Benchmark","http://lt.morningstar.com/7ap7omrzjm/snapshot/snapshot.aspx?id=F00000VZTH&SecurityToken=F00000VZTH%5d2%5d0%5dFOMEX%24%24ALL_1414&clearcache=true&ClientFund=0&LanguageId=es-MX&CurrencyId=MXN&UniverseId=FOMEX%24%24ALL_1414&BaseCurrencyId=MXN","-","https://es-us.finanzas.yahoo.com/q/hp?s=BEST2P.MX","B+EST2 P",,"Personas físicas","Fondos Capital Protegido","http://www.morningstar.com.mx/mx/funds/snapshot/snapshot.aspx?id=F00000VZTH","03/09/2012","-"
"Sin Benchmark","http://lt.morningstar.com/7ap7omrzjm/snapshot/snapshot.aspx?id=F00000VZTJ&SecurityToken=F00000VZTJ%5d2%5d0%5dFOMEX%24%24ALL_1414&clearcache=true&ClientFund=0&LanguageId=es-MX&CurrencyId=MXN&UniverseId=FOMEX%24%24ALL_1414&BaseCurrencyId=MXN","-","https://es-us.finanzas.yahoo.com/q/hp?s=BEST2GB.MX","B+EST2 GB",,"Personas físicas","Fondos Capital Protegido","http://www.morningstar.com.mx/mx/funds/snapshot/snapshot.aspx?id=F00000VZTJ","03/09/2012","-"
"BMV IPC PR MXN","http://lt.morningstar.com/7ap7omrzjm/snapshot/snapshot.aspx?id=F0000004XR&SecurityToken=F0000004XR%5d2%5d1%5dFOMEX%24%24ALL_1414&clearcache=true&ClientFund=1&LanguageId=es-MX&CurrencyId=MXN&UniverseId=FOMEX%24%24ALL_1414&BaseCurrencyId=MXN","Común - Mercado de dinero","https://es-us.finanzas.yahoo.com/q/hp?s=AFIRCORB.MX","AFIRCOR B",,"Personas físicas","Otros","http://www.morningstar.com.mx/mx/funds/snapshot/snapshot.aspx?id=F0000004XR","01/10/2001","Renta Variable"
"BMV IPC PR MXN","http://lt.morningstar.com/7ap7omrzjm/snapshot/snapshot.aspx?id=F00000QE6T&SecurityToken=F00000QE6T%5d2%5d1%5dFOMEX%24%24ALL_1414&clearcache=true&ClientFund=1&LanguageId=es-MX&CurrencyId=MXN&UniverseId=FOMEX%24%24ALL_1414&BaseCurrencyId=MXN","Común - Indizado al IPC","https://es-us.finanzas.yahoo.com/q/hp?s=ACTOTALFF.MX","ACTOTAL FF",,"Fondo de fondos","Otros","http://www.morningstar.com.mx/mx/funds/snapshot/snapshot.aspx?id=F00000QE6T","20/08/2013","Renta Variable"
"S&P Valmer MEX CETES 28D","http://lt.morningstar.com/7ap7omrzjm/snapshot/snapshot.aspx?id=F0000021PR&SecurityToken=F0000021PR%5d2%5d1%5dFOMEX%24%24ALL_1414&clearcache=true&ClientFund=1&LanguageId=es-MX&CurrencyId=MXN&UniverseId=FOMEX%24%24ALL_1414&BaseCurrencyId=MXN","Común - Especializada en cobertura","https://es-us.finanzas.yahoo.com/q/hp?s=ACTIVPAM3.MX","ACTIVPA M-3","https://es-us.finanzas.yahoo.com/q/hp?s=ACTIVPAM-3.MX","Personas morales","Mixtos Conservadores","http://www.morningstar.com.mx/mx/funds/snapshot/snapshot.aspx?id=F0000021PR","19/03/2008","Renta Variable"
"S&P Valmer MEX CETES 28D","http://lt.morningstar.com/7ap7omrzjm/snapshot/snapshot.aspx?id=F0000021Q0&SecurityToken=F0000021Q0%5d2%5d1%5dFOMEX%24%24ALL_1414&clearcache=true&ClientFund=1&LanguageId=es-MX&CurrencyId=MXN&UniverseId=FOMEX%24%24ALL_1414&BaseCurrencyId=MXN","Común - Especializada en cobertura","https://es-us.finanzas.yahoo.com/q/hp?s=ACTIVPAM2.MX","ACTIVPA M-2","https://es-us.finanzas.yahoo.com/q/hp?s=ACTIVPAM-2.MX","Personas morales","Mixtos Conservadores","http://www.morningstar.com.mx/mx/funds/snapshot/snapshot.aspx?id=F0000021Q0","19/03/2008","Renta Variable"
"S&P Valmer MEX CETES 28D","http://lt.morningstar.com/7ap7omrzjm/snapshot/snapshot.aspx?id=F0000021Q1&SecurityToken=F0000021Q1%5d2%5d1%5dFOMEX%24%24ALL_1414&clearcache=true&ClientFund=1&LanguageId=es-MX&CurrencyId=MXN&UniverseId=FOMEX%24%24ALL_1414&BaseCurrencyId=MXN","Común - Especializada en cobertura","https://es-us.finanzas.yahoo.com/q/hp?s=ACTIVPAM1.MX","ACTIVPA M-1","https://es-us.finanzas.yahoo.com/q/hp?s=ACTIVPAM-1.MX","Personas morales","Mixtos Conservadores","http://www.morningstar.com.mx/mx/funds/snapshot/snapshot.aspx?id=F0000021Q1","19/03/2008","Renta Variable"
"S&P Valmer MEX CETES 28D","http://lt.morningstar.com/7ap7omrzjm/snapshot/snapshot.aspx?id=F0000044XI&SecurityToken=F0000044XI%5d2%5d1%5dFOMEX%24%24ALL_1414&clearcache=true&ClientFund=1&LanguageId=es-MX&CurrencyId=MXN&UniverseId=FOMEX%24%24ALL_1414&BaseCurrencyId=MXN","Común - Especializada en cobertura","https://es-us.finanzas.yahoo.com/q/hp?s=ACTIVPAF3.MX","ACTIVPA F-3","https://es-us.finanzas.yahoo.com/q/hp?s=ACTIVPAF-3.MX","Personas físicas","Mixtos Conservadores","http://www.morningstar.com.mx/mx/funds/snapshot/snapshot.aspx?id=F0000044XI","19/03/2008","Renta Variable"
"S&P Valmer MEX CETES 28D","http://lt.morningstar.com/7ap7omrzjm/snapshot/snapshot.aspx?id=F000003V22&SecurityToken=F000003V22%5d2%5d1%5dFOMEX%24%24ALL_1414&clearcache=true&ClientFund=1&LanguageId=es-MX&CurrencyId=MXN&UniverseId=FOMEX%24%24ALL_1414&BaseCurrencyId=MXN","Común - Especializada en cobertura","https://es-us.finanzas.yahoo.com/q/hp?s=ACTIVPAF2.MX","ACTIVPA F-2","https://es-us.finanzas.yahoo.com/q/hp?s=ACTIVPAF-2.MX","Personas físicas","Mixtos Conservadores","http://www.morningstar.com.mx/mx/funds/snapshot/snapshot.aspx?id=F000003V22","19/03/2008","Renta Variable"
"S&P Valmer MEX CETES 28D","http://lt.morningstar.com/7ap7omrzjm/snapshot/snapshot.aspx?id=F000003ZS6&SecurityToken=F000003ZS6%5d2%5d1%5dFOMEX%24%24ALL_1414&clearcache=true&ClientFund=1&LanguageId=es-MX&CurrencyId=MXN&UniverseId=FOMEX%24%24ALL_1414&BaseCurrencyId=MXN","Común - Especializada en cobertura","https://es-us.finanzas.yahoo.com/q/hp?s=ACTIVPAF1.MX","ACTIVPA F-1","https://es-us.finanzas.yahoo.com/q/hp?s=ACTIVPAF-1.MX","Personas físicas","Mixtos Conservadores","http://www.morningstar.com.mx/mx/funds/snapshot/snapshot.aspx?id=F000003ZS6","19/03/2008","Renta Variable"
"S&P Valmer MEX CETES 28D","http://lt.morningstar.com/7ap7omrzjm/snapshot/snapshot.aspx?id=F0000021Q2&SecurityToken=F0000021Q2%5d2%5d1%5dFOMEX%24%24ALL_1414&clearcache=true&ClientFund=1&LanguageId=es-MX&CurrencyId=MXN&UniverseId=FOMEX%24%24ALL_1414&BaseCurrencyId=MXN","Común - Especializada en cobertura","https://es-us.finanzas.yahoo.com/q/hp?s=ACTIVPAE.MX","ACTIVPA E",,"No contribuyentes","Mixtos Conservadores","http://www.morningstar.com.mx/mx/funds/snapshot/snapshot.aspx?id=F0000021Q2","19/03/2008","Renta Variable"
"S&P Valmer MEX CETES 28D","http://lt.morningstar.com/7ap7omrzjm/snapshot/snapshot.aspx?id=F00000JWKU&SecurityToken=F00000JWKU%5d2%5d1%5dFOMEX%24%24ALL_1414&clearcache=true&ClientFund=1&LanguageId=es-MX&CurrencyId=MXN&UniverseId=FOMEX%24%24ALL_1414&BaseCurrencyId=MXN","Común - Especializada en cobertura","https://es-us.finanzas.yahoo.com/q/hp?s=ACTIVPAB4.MX","ACTIVPA B-4","https://es-us.finanzas.yahoo.com/q/hp?s=ACTIVPAB-4.MX","Personas físicas","Mixtos Conservadores","http://www.morningstar.com.mx/mx/funds/snapshot/snapshot.aspx?id=F00000JWKU","03/10/2005","Renta Variable"
"S&P Valmer MEX CETES 28D","http://lt.morningstar.com/7ap7omrzjm/snapshot/snapshot.aspx?id=F0000021Q3&SecurityToken=F0000021Q3%5d2%5d1%5dFOMEX%24%24ALL_1414&clearcache=true&ClientFund=1&LanguageId=es-MX&CurrencyId=MXN&UniverseId=FOMEX%24%24ALL_1414&BaseCurrencyId=MXN","Común - Especializada en cobertura","https://es-us.finanzas.yahoo.com/q/hp?s=ACTIVPAB3.MX","ACTIVPA B-3","https://es-us.finanzas.yahoo.com/q/hp?s=ACTIVPAB-3.MX","Personas físicas","Mixtos Conservadores","http://www.morningstar.com.mx/mx/funds/snapshot/snapshot.aspx?id=F0000021Q3","09/03/2000","Renta Variable"
"S&P Valmer MEX CETES 28D","http://lt.morningstar.com/7ap7omrzjm/snapshot/snapshot.aspx?id=F0000021Q4&SecurityToken=F0000021Q4%5d2%5d1%5dFOMEX%24%24ALL_1414&clearcache=true&ClientFund=1&LanguageId=es-MX&CurrencyId=MXN&UniverseId=FOMEX%24%24ALL_1414&BaseCurrencyId=MXN","Común - Especializada en cobertura","https://es-us.finanzas.yahoo.com/q/hp?s=ACTIVPAB2.MX","ACTIVPA B-2","https://es-us.finanzas.yahoo.com/q/hp?s=ACTIVPAB-2.MX","Personas físicas","Mixtos Conservadores","http://www.morningstar.com.mx/mx/funds/snapshot/snapshot.aspx?id=F0000021Q4","03/09/2005","Renta Variable"
"S&P Valmer MEX CETES 28D","http://lt.morningstar.com/7ap7omrzjm/snapshot/snapshot.aspx?id=F0000021QB&SecurityToken=F0000021QB%5d2%5d1%5dFOMEX%24%24ALL_1414&clearcache=true&ClientFund=1&LanguageId=es-MX&CurrencyId=MXN&UniverseId=FOMEX%24%24ALL_1414&BaseCurrencyId=MXN","Común - Especializada en cobertura","https://es-us.finanzas.yahoo.com/q/hp?s=ACTIVPAB1.MX","ACTIVPA B-1","https://es-us.finanzas.yahoo.com/q/hp?s=ACTIVPAB-1.MX","Personas físicas","Mixtos Conservadores","http://www.morningstar.com.mx/mx/funds/snapshot/snapshot.aspx?id=F0000021QB","03/09/2005","Renta Variable"
"S&P Valmer MEX CETES 28D","http://lt.morningstar.com/7ap7omrzjm/snapshot/snapshot.aspx?id=F0000044XH&SecurityToken=F0000044XH%5d2%5d1%5dFOMEX%24%24ALL_1414&clearcache=true&ClientFund=1&LanguageId=es-MX&CurrencyId=MXN&UniverseId=FOMEX%24%24ALL_1414&BaseCurrencyId=MXN","Común - Agresivo","https://es-us.finanzas.yahoo.com/q/hp?s=ACTIVCRM3.MX","ACTIVCR M-3","https://es-us.finanzas.yahoo.com/q/hp?s=ACTIVCRM-3.MX","Personas morales","Mixtos Conservadores","http://www.morningstar.com.mx/mx/funds/snapshot/snapshot.aspx?id=F0000044XH","19/03/2008","Renta Variable"
"S&P Valmer MEX CETES 28D","http://lt.morningstar.com/7ap7omrzjm/snapshot/snapshot.aspx?id=F000001W9M&SecurityToken=F000001W9M%5d2%5d1%5dFOMEX%24%24ALL_1414&clearcache=true&ClientFund=1&LanguageId=es-MX&CurrencyId=MXN&UniverseId=FOMEX%24%24ALL_1414&BaseCurrencyId=MXN","Común - Agresivo","https://es-us.finanzas.yahoo.com/q/hp?s=ACTIVCRM2.MX","ACTIVCR M-2","https://es-us.finanzas.yahoo.com/q/hp?s=ACTIVCRM-2.MX","Personas morales","Mixtos Conservadores","http://www.morningstar.com.mx/mx/funds/snapshot/snapshot.aspx?id=F000001W9M","19/03/2008","Renta Variable"
"S&P Valmer MEX CETES 28D","http://lt.morningstar.com/7ap7omrzjm/snapshot/snapshot.aspx?id=F000001W9H&SecurityToken=F000001W9H%5d2%5d1%5dFOMEX%24%24ALL_1414&clearcache=true&ClientFund=1&LanguageId=es-MX&CurrencyId=MXN&UniverseId=FOMEX%24%24ALL_1414&BaseCurrencyId=MXN","Común - Agresivo","https://es-us.finanzas.yahoo.com/q/hp?s=ACTIVCRM1.MX","ACTIVCR M-1","https://es-us.finanzas.yahoo.com/q/hp?s=ACTIVCRM-1.MX","Personas morales","Mixtos Conservadores","http://www.morningstar.com.mx/mx/funds/snapshot/snapshot.aspx?id=F000001W9H","19/03/2008","Renta Variable"
"S&P Valmer MEX CETES 28D","http://lt.morningstar.com/7ap7omrzjm/snapshot/snapshot.aspx?id=F0000044XG&SecurityToken=F0000044XG%5d2%5d1%5dFOMEX%24%24ALL_1414&clearcache=true&ClientFund=1&LanguageId=es-MX&CurrencyId=MXN&UniverseId=FOMEX%24%24ALL_1414&BaseCurrencyId=MXN","Común - Agresivo","https://es-us.finanzas.yahoo.com/q/hp?s=ACTIVCRF3.MX","ACTIVCR F-3","https://es-us.finanzas.yahoo.com/q/hp?s=ACTIVCRF-3.MX","Personas físicas","Mixtos Conservadores","http://www.morningstar.com.mx/mx/funds/snapshot/snapshot.aspx?id=F0000044XG","19/03/2008","Renta Variable"
"S&P Valmer MEX CETES 28D","http://lt.morningstar.com/7ap7omrzjm/snapshot/snapshot.aspx?id=F000003V21&SecurityToken=F000003V21%5d2%5d1%5dFOMEX%24%24ALL_1414&clearcache=true&ClientFund=1&LanguageId=es-MX&CurrencyId=MXN&UniverseId=FOMEX%24%24ALL_1414&BaseCurrencyId=MXN","Común - Agresivo","https://es-us.finanzas.yahoo.com/q/hp?s=ACTIVCRF2.MX","ACTIVCR F-2","https://es-us.finanzas.yahoo.com/q/hp?s=ACTIVCRF-2.MX","Personas físicas","Mixtos Conservadores","http://www.morningstar.com.mx/mx/funds/snapshot/snapshot.aspx?id=F000003V21","19/03/2008","Renta Variable"
"S&P Valmer MEX CETES 28D","http://lt.morningstar.com/7ap7omrzjm/snapshot/snapshot.aspx?id=F000003ZS5&SecurityToken=F000003ZS5%5d2%5d1%5dFOMEX%24%24ALL_1414&clearcache=true&ClientFund=1&LanguageId=es-MX&CurrencyId=MXN&UniverseId=FOMEX%24%24ALL_1414&BaseCurrencyId=MXN","Común - Agresivo","https://es-us.finanzas.yahoo.com/q/hp?s=ACTIVCRF1.MX","ACTIVCR F-1","https://es-us.finanzas.yahoo.com/q/hp?s=ACTIVCRF-1.MX","Personas físicas","Mixtos Conservadores","http://www.morningstar.com.mx/mx/funds/snapshot/snapshot.aspx?id=F000003ZS5","19/03/2008","Renta Variable"
"FTSE-PiP Fondeo G 24hrs","http://lt.morningstar.com/7ap7omrzjm/snapshot/snapshot.aspx?id=F000001WA4&SecurityToken=F000001WA4%5d2%5d1%5dFOMEX%24%24ALL_1414&clearcache=true&ClientFund=1&LanguageId=es-MX&CurrencyId=MXN&UniverseId=FOMEX%24%24ALL_1414&BaseCurrencyId=MXN","Deuda PF - Bancario y gubernamental","https://es-us.finanzas.yahoo.com/q/hp?s=AFIRMESCM.MX","AFIRMES CM",,"Personas morales","Deuda Gubernamental - Corto Plazo","http://www.morningstar.com.mx/mx/funds/snapshot/snapshot.aspx?id=F000001WA4","05/02/2007","Deuda"
"FTSE-PiP Fondeo G 24hrs","http://lt.morningstar.com/7ap7omrzjm/snapshot/snapshot.aspx?id=F000001W9X&SecurityToken=F000001W9X%5d2%5d1%5dFOMEX%24%24ALL_1414&clearcache=true&ClientFund=1&LanguageId=es-MX&CurrencyId=MXN&UniverseId=FOMEX%24%24ALL_1414&BaseCurrencyId=MXN","Deuda PF - Bancario y gubernamental","https://es-us.finanzas.yahoo.com/q/hp?s=AFIRMESCE.MX","AFIRMES CE",,"No contribuyentes","Deuda Gubernamental - Corto Plazo","http://www.morningstar.com.mx/mx/funds/snapshot/snapshot.aspx?id=F000001W9X","05/02/2007","Deuda"
"FTSE-PiP Fondeo G 24hrs","http://lt.morningstar.com/7ap7omrzjm/snapshot/snapshot.aspx?id=F0000004XZ&SecurityToken=F0000004XZ%5d2%5d1%5dFOMEX%24%24ALL_1414&clearcache=true&ClientFund=1&LanguageId=es-MX&CurrencyId=MXN&UniverseId=FOMEX%24%24ALL_1414&BaseCurrencyId=MXN","Deuda PF - Bancario y gubernamental","https://es-us.finanzas.yahoo.com/q/hp?s=AFIRMESC.MX","AFIRMES C",,"Personas físicas","Deuda Gubernamental - Corto Plazo","http://www.morningstar.com.mx/mx/funds/snapshot/snapshot.aspx?id=F0000004XZ","01/06/2004","Deuda"
"FTSE-PiP Fondeo G 24hrs","http://lt.morningstar.com/7ap7omrzjm/snapshot/snapshot.aspx?id=F000001W9W&SecurityToken=F000001W9W%5d2%5d1%5dFOMEX%24%24ALL_1414&clearcache=true&ClientFund=1&LanguageId=es-MX&CurrencyId=MXN&UniverseId=FOMEX%24%24ALL_1414&BaseCurrencyId=MXN","Deuda PF - Bancario y gubernamental","https://es-us.finanzas.yahoo.com/q/hp?s=AFIRMESBM.MX","AFIRMES BM",,"Personas morales","Deuda Gubernamental - Corto Plazo","http://www.morningstar.com.mx/mx/funds/snapshot/snapshot.aspx?id=F000001W9W","05/02/2007","Deuda"
"FTSE-PiP Fondeo G 24hrs","http://lt.morningstar.com/7ap7omrzjm/snapshot/snapshot.aspx?id=F000001W9K&SecurityToken=F000001W9K%5d2%5d1%5dFOMEX%24%24ALL_1414&clearcache=true&ClientFund=1&LanguageId=es-MX&CurrencyId=MXN&UniverseId=FOMEX%24%24ALL_1414&BaseCurrencyId=MXN","Deuda PF - Bancario y gubernamental","https://es-us.finanzas.yahoo.com/q/hp?s=AFIRMESBE.MX","AFIRMES BE",,"No contribuyentes","Deuda Gubernamental - Corto Plazo","http://www.morningstar.com.mx/mx/funds/snapshot/snapshot.aspx?id=F000001W9K","05/02/2007","Deuda"
"FTSE-PiP Fondeo G 24hrs","http://lt.morningstar.com/7ap7omrzjm/snapshot/snapshot.aspx?id=F000001WA5&SecurityToken=F000001WA5%5d2%5d1%5dFOMEX%24%24ALL_1414&clearcache=true&ClientFund=1&LanguageId=es-MX&CurrencyId=MXN&UniverseId=FOMEX%24%24ALL_1414&BaseCurrencyId=MXN","Deuda PF - Bancario y gubernamental","https://es-us.finanzas.yahoo.com/q/hp?s=AFIRMESB3.MX","AFIRMES B3",,"Personas físicas","Deuda Gubernamental - Corto Plazo","http://www.morningstar.com.mx/mx/funds/snapshot/snapshot.aspx?id=F000001WA5","05/02/2007","Deuda"
"FTSE-PiP Fondeo G 24hrs","http://lt.morningstar.com/7ap7omrzjm/snapshot/snapshot.aspx?id=F000001W9P&SecurityToken=F000001W9P%5d2%5d1%5dFOMEX%24%24ALL_1414&clearcache=true&ClientFund=1&LanguageId=es-MX&CurrencyId=MXN&UniverseId=FOMEX%24%24ALL_1414&BaseCurrencyId=MXN","Deuda PF - Bancario y gubernamental","https://es-us.finanzas.yahoo.com/q/hp?s=AFIRMESB2.MX","AFIRMES B2",,"Personas físicas","Deuda Gubernamental - Corto Plazo","http://www.morningstar.com.mx/mx/funds/snapshot/snapshot.aspx?id=F000001W9P","05/02/2007","Deuda"
"FTSE-PiP Fondeo G 24hrs","http://lt.morningstar.com/7ap7omrzjm/snapshot/snapshot.aspx?id=F000001W9L&SecurityToken=F000001W9L%5d2%5d1%5dFOMEX%24%24ALL_1414&clearcache=true&ClientFund=1&LanguageId=es-MX&CurrencyId=MXN&UniverseId=FOMEX%24%24ALL_1414&BaseCurrencyId=MXN","Deuda PF - Bancario y gubernamental","https://es-us.finanzas.yahoo.com/q/hp?s=AFIRMESB1.MX","AFIRMES B1",,"Personas físicas","Deuda Gubernamental - Corto Plazo","http://www.morningstar.com.mx/mx/funds/snapshot/snapshot.aspx?id=F000001W9L","05/02/2007","Deuda"
"FTSE-PiP Fondeo G 24hrs","http://lt.morningstar.com/7ap7omrzjm/snapshot/snapshot.aspx?id=F0000004XU&SecurityToken=F0000004XU%5d2%5d1%5dFOMEX%24%24ALL_1414&clearcache=true&ClientFund=1&LanguageId=es-MX&CurrencyId=MXN&UniverseId=FOMEX%24%24ALL_1414&BaseCurrencyId=MXN","Deuda PF - Bancario y gubernamental","https://es-us.finanzas.yahoo.com/q/hp?s=AFIRMESB.MX","AFIRMES B",,"Personas físicas","Deuda Gubernamental - Corto Plazo","http://www.morningstar.com.mx/mx/funds/snapshot/snapshot.aspx?id=F0000004XU","01/10/2001","Deuda"
"BMV IPC PR MXN","http://lt.morningstar.com/7ap7omrzjm/snapshot/snapshot.aspx?id=F000001W9Y&SecurityToken=F000001W9Y%5d2%5d1%5dFOMEX%24%24ALL_1414&clearcache=true&ClientFund=1&LanguageId=es-MX&CurrencyId=MXN&UniverseId=FOMEX%24%24ALL_1414&BaseCurrencyId=MXN","Común - Mercado de dinero","https://es-us.finanzas.yahoo.com/q/hp?s=AFIRCORE.MX","AFIRCOR E",,"Personas físicas","Otros","http://www.morningstar.com.mx/mx/funds/snapshot/snapshot.aspx?id=F000001W9Y","06/02/2008","Renta Variable"
"BMV IPC PR MXN","http://lt.morningstar.com/7ap7omrzjm/snapshot/snapshot.aspx?id=F000001W9U&SecurityToken=F000001W9U%5d2%5d1%5dFOMEX%24%24ALL_1414&clearcache=true&ClientFund=1&LanguageId=es-MX&CurrencyId=MXN&UniverseId=FOMEX%24%24ALL_1414&BaseCurrencyId=MXN","Común - Mercado de dinero","https://es-us.finanzas.yahoo.com/q/hp?s=AFIRCORDM.MX","AFIRCOR DM",,"Personas morales","Otros","http://www.morningstar.com.mx/mx/funds/snapshot/snapshot.aspx?id=F000001W9U","06/02/2008","Renta Variable"
"BMV IPC PR MXN","http://lt.morningstar.com/7ap7omrzjm/snapshot/snapshot.aspx?id=F000001W9S&SecurityToken=F000001W9S%5d2%5d1%5dFOMEX%24%24ALL_1414&clearcache=true&ClientFund=1&LanguageId=es-MX&CurrencyId=MXN&UniverseId=FOMEX%24%24ALL_1414&BaseCurrencyId=MXN","Común - Mercado de dinero","https://es-us.finanzas.yahoo.com/q/hp?s=AFIRCORD.MX","AFIRCOR D",,"Personas físicas","Otros","http://www.morningstar.com.mx/mx/funds/snapshot/snapshot.aspx?id=F000001W9S","06/02/2008","Renta Variable"
"BMV IPC PR MXN","http://lt.morningstar.com/7ap7omrzjm/snapshot/snapshot.aspx?id=F000001W9O&SecurityToken=F000001W9O%5d2%5d1%5dFOMEX%24%24ALL_1414&clearcache=true&ClientFund=1&LanguageId=es-MX&CurrencyId=MXN&UniverseId=FOMEX%24%24ALL_1414&BaseCurrencyId=MXN","Común - Mercado de dinero","https://es-us.finanzas.yahoo.com/q/hp?s=AFIRCORCM.MX","AFIRCOR CM",,"Personas morales","Otros","http://www.morningstar.com.mx/mx/funds/snapshot/snapshot.aspx?id=F000001W9O","06/02/2008","Renta Variable"
"BMV IPC PR MXN","http://lt.morningstar.com/7ap7omrzjm/snapshot/snapshot.aspx?id=F000001W9T&SecurityToken=F000001W9T%5d2%5d1%5dFOMEX%24%24ALL_1414&clearcache=true&ClientFund=1&LanguageId=es-MX&CurrencyId=MXN&UniverseId=FOMEX%24%24ALL_1414&BaseCurrencyId=MXN","Común - Mercado de dinero","https://es-us.finanzas.yahoo.com/q/hp?s=AFIRCORCE.MX","AFIRCOR CE",,"No contribuyentes","Otros","http://www.morningstar.com.mx/mx/funds/snapshot/snapshot.aspx?id=F000001W9T","06/02/2008","Renta Variable"
"BMV IPC PR MXN","http://lt.morningstar.com/7ap7omrzjm/snapshot/snapshot.aspx?id=F000001W9J&SecurityToken=F000001W9J%5d2%5d1%5dFOMEX%24%24ALL_1414&clearcache=true&ClientFund=1&LanguageId=es-MX&CurrencyId=MXN&UniverseId=FOMEX%24%24ALL_1414&BaseCurrencyId=MXN","Común - Mercado de dinero","https://es-us.finanzas.yahoo.com/q/hp?s=AFIRCORC.MX","AFIRCOR C",,"Personas físicas","Otros","http://www.morningstar.com.mx/mx/funds/snapshot/snapshot.aspx?id=F000001W9J","11/09/2006","Renta Variable"
"BMV IPC PR MXN","http://lt.morningstar.com/7ap7omrzjm/snapshot/snapshot.aspx?id=F000001WA2&SecurityToken=F000001WA2%5d2%5d1%5dFOMEX%24%24ALL_1414&clearcache=true&ClientFund=1&LanguageId=es-MX&CurrencyId=MXN&UniverseId=FOMEX%24%24ALL_1414&BaseCurrencyId=MXN","Común - Mercado de dinero","https://es-us.finanzas.yahoo.com/q/hp?s=AFIRCORBM.MX","AFIRCOR BM",,"Personas morales","Otros","http://www.morningstar.com.mx/mx/funds/snapshot/snapshot.aspx?id=F000001WA2","06/02/2008","Renta Variable"
"BMV IPC PR MXN","http://lt.morningstar.com/7ap7omrzjm/snapshot/snapshot.aspx?id=F000001W9R&SecurityToken=F000001W9R%5d2%5d1%5dFOMEX%24%24ALL_1414&clearcache=true&ClientFund=1&LanguageId=es-MX&CurrencyId=MXN&UniverseId=FOMEX%24%24ALL_1414&BaseCurrencyId=MXN","Común - Mercado de dinero","https://es-us.finanzas.yahoo.com/q/hp?s=AFIRCORBE.MX","AFIRCOR BE",,"No contribuyentes","Otros","http://www.morningstar.com.mx/mx/funds/snapshot/snapshot.aspx?id=F000001W9R","06/02/2008","Renta Variable"
"BMV IPC PR MXN","http://lt.morningstar.com/7ap7omrzjm/snapshot/snapshot.aspx?id=F000001W9I&SecurityToken=F000001W9I%5d2%5d1%5dFOMEX%24%24ALL_1414&clearcache=true&ClientFund=1&LanguageId=es-MX&CurrencyId=MXN&UniverseId=FOMEX%24%24ALL_1414&BaseCurrencyId=MXN","Común - Mercado de dinero","https://es-us.finanzas.yahoo.com/q/hp?s=AFIRCORB3.MX","AFIRCOR B3",,"Personas físicas","Otros","http://www.morningstar.com.mx/mx/funds/snapshot/snapshot.aspx?id=F000001W9I","06/02/2008","Renta Variable"
"BMV IPC PR MXN","http://lt.morningstar.com/7ap7omrzjm/snapshot/snapshot.aspx?id=F000001W9Q&SecurityToken=F000001W9Q%5d2%5d1%5dFOMEX%24%24ALL_1414&clearcache=true&ClientFund=1&LanguageId=es-MX&CurrencyId=MXN&UniverseId=FOMEX%24%24ALL_1414&BaseCurrencyId=MXN","Común - Mercado de dinero","https://es-us.finanzas.yahoo.com/q/hp?s=AFIRCORB2.MX","AFIRCOR B2",,"Personas físicas","Otros","http://www.morningstar.com.mx/mx/funds/snapshot/snapshot.aspx?id=F000001W9Q","06/02/2008","Renta Variable"
"FTSE-PiP Fondeo G 24hrs","http://lt.morningstar.com/7ap7omrzjm/snapshot/snapshot.aspx?id=F000001WE5&SecurityToken=F000001WE5%5d2%5d1%5dFOMEX%24%24ALL_1414&clearcache=true&ClientFund=1&LanguageId=es-MX&CurrencyId=MXN&UniverseId=FOMEX%24%24ALL_1414&BaseCurrencyId=MXN","Deuda PF - Bancario y gubernamental","https://es-us.finanzas.yahoo.com/q/hp?s=AFIRVISBE.MX","AFIRVIS BE",,"No contribuyentes","Deuda Corto Plazo","http://www.morningstar.com.mx/mx/funds/snapshot/snapshot.aspx?id=F000001WE5","05/02/2007","Deuda"
"FTSE-PiP Fondeo G 24hrs","http://lt.morningstar.com/7ap7omrzjm/snapshot/snapshot.aspx?id=F000001WEO&SecurityToken=F000001WEO%5d2%5d1%5dFOMEX%24%24ALL_1414&clearcache=true&ClientFund=1&LanguageId=es-MX&CurrencyId=MXN&UniverseId=FOMEX%24%24ALL_1414&BaseCurrencyId=MXN","Deuda PF - Bancario y gubernamental","https://es-us.finanzas.yahoo.com/q/hp?s=AFIRVISB3.MX","AFIRVIS B3",,"Personas físicas","Deuda Corto Plazo","http://www.morningstar.com.mx/mx/funds/snapshot/snapshot.aspx?id=F000001WEO","05/02/2007","Deuda"
"FTSE-PiP Fondeo G 24hrs","http://lt.morningstar.com/7ap7omrzjm/snapshot/snapshot.aspx?id=F000001WE3&SecurityToken=F000001WE3%5d2%5d1%5dFOMEX%24%24ALL_1414&clearcache=true&ClientFund=1&LanguageId=es-MX&CurrencyId=MXN&UniverseId=FOMEX%24%24ALL_1414&BaseCurrencyId=MXN","Deuda PF - Bancario y gubernamental","https://es-us.finanzas.yahoo.com/q/hp?s=AFIRVISB2.MX","AFIRVIS B2",,"Personas físicas","Deuda Corto Plazo","http://www.morningstar.com.mx/mx/funds/snapshot/snapshot.aspx?id=F000001WE3","05/02/2007","Deuda"
"FTSE-PiP Fondeo G 24hrs","http://lt.morningstar.com/7ap7omrzjm/snapshot/snapshot.aspx?id=F000001WE4&SecurityToken=F000001WE4%5d2%5d1%5dFOMEX%24%24ALL_1414&clearcache=true&ClientFund=1&LanguageId=es-MX&CurrencyId=MXN&UniverseId=FOMEX%24%24ALL_1414&BaseCurrencyId=MXN","Deuda PF - Bancario y gubernamental","https://es-us.finanzas.yahoo.com/q/hp?s=AFIRVISB1.MX","AFIRVIS B1",,"Personas físicas","Deuda Corto Plazo","http://www.morningstar.com.mx/mx/funds/snapshot/snapshot.aspx?id=F000001WE4","05/02/2007","Deuda"
"FTSE-PiP Fondeo G 24hrs","http://lt.morningstar.com/7ap7omrzjm/snapshot/snapshot.aspx?id=F0000004WW&SecurityToken=F0000004WW%5d2%5d1%5dFOMEX%24%24ALL_1414&clearcache=true&ClientFund=1&LanguageId=es-MX&CurrencyId=MXN&UniverseId=FOMEX%24%24ALL_1414&BaseCurrencyId=MXN","Deuda PF - Bancario y gubernamental","https://es-us.finanzas.yahoo.com/q/hp?s=AFIRVISB.MX","AFIRVIS B",,"Personas físicas","Deuda Corto Plazo","http://www.morningstar.com.mx/mx/funds/snapshot/snapshot.aspx?id=F0000004WW","01/10/2001","Deuda"
"S&P Valmer MEX CETES 28D","http://lt.morningstar.com/7ap7omrzjm/snapshot/snapshot.aspx?id=F0000004WO&SecurityToken=F0000004WO%5d2%5d1%5dFOMEX%24%24ALL_1414&clearcache=true&ClientFund=1&LanguageId=es-MX&CurrencyId=MXN&UniverseId=FOMEX%24%24ALL_1414&BaseCurrencyId=MXN","Deuda PF - Bancario y gubernamental","https://es-us.finanzas.yahoo.com/q/hp?s=AFIRPLUE.MX","AFIRPLU E",,"Personas físicas","Deuda Mediano Plazo","http://www.morningstar.com.mx/mx/funds/snapshot/snapshot.aspx?id=F0000004WO","01/06/2004","Deuda"
"S&P Valmer MEX CETES 28D","http://lt.morningstar.com/7ap7omrzjm/snapshot/snapshot.aspx?id=F000001WA9&SecurityToken=F000001WA9%5d2%5d1%5dFOMEX%24%24ALL_1414&clearcache=true&ClientFund=1&LanguageId=es-MX&CurrencyId=MXN&UniverseId=FOMEX%24%24ALL_1414&BaseCurrencyId=MXN","Deuda PF - Bancario y gubernamental","https://es-us.finanzas.yahoo.com/q/hp?s=AFIRPLUDM.MX","AFIRPLU DM",,"Personas morales","Deuda Mediano Plazo","http://www.morningstar.com.mx/mx/funds/snapshot/snapshot.aspx?id=F000001WA9","05/02/2007","Deuda"
"S&P Valmer MEX CETES 28D","http://lt.morningstar.com/7ap7omrzjm/snapshot/snapshot.aspx?id=F0000004WY&SecurityToken=F0000004WY%5d2%5d1%5dFOMEX%24%24ALL_1414&clearcache=true&ClientFund=1&LanguageId=es-MX&CurrencyId=MXN&UniverseId=FOMEX%24%24ALL_1414&BaseCurrencyId=MXN","Deuda PF - Bancario y gubernamental","https://es-us.finanzas.yahoo.com/q/hp?s=AFIRPLUD.MX","AFIRPLU D",,"Personas físicas","Deuda Mediano Plazo","http://www.morningstar.com.mx/mx/funds/snapshot/snapshot.aspx?id=F0000004WY","01/06/2004","Deuda"
"S&P Valmer MEX CETES 28D","http://lt.morningstar.com/7ap7omrzjm/snapshot/snapshot.aspx?id=F000001WA8&SecurityToken=F000001WA8%5d2%5d1%5dFOMEX%24%24ALL_1414&clearcache=true&ClientFund=1&LanguageId=es-MX&CurrencyId=MXN&UniverseId=FOMEX%24%24ALL_1414&BaseCurrencyId=MXN","Deuda PF - Bancario y gubernamental","https://es-us.finanzas.yahoo.com/q/hp?s=AFIRPLUCM.MX","AFIRPLU CM",,"Personas morales","Deuda Mediano Plazo","http://www.morningstar.com.mx/mx/funds/snapshot/snapshot.aspx?id=F000001WA8","05/02/2007","Deuda"
"S&P Valmer MEX CETES 28D","http://lt.morningstar.com/7ap7omrzjm/snapshot/snapshot.aspx?id=F000001WA6&SecurityToken=F000001WA6%5d2%5d1%5dFOMEX%24%24ALL_1414&clearcache=true&ClientFund=1&LanguageId=es-MX&CurrencyId=MXN&UniverseId=FOMEX%24%24ALL_1414&BaseCurrencyId=MXN","Deuda PF - Bancario y gubernamental","https://es-us.finanzas.yahoo.com/q/hp?s=AFIRPLUCE.MX","AFIRPLU CE",,"No contribuyentes","Deuda Mediano Plazo","http://www.morningstar.com.mx/mx/funds/snapshot/snapshot.aspx?id=F000001WA6","05/02/2008","Deuda"
"S&P Valmer MEX CETES 28D","http://lt.morningstar.com/7ap7omrzjm/snapshot/snapshot.aspx?id=F0000004XW&SecurityToken=F0000004XW%5d2%5d1%5dFOMEX%24%24ALL_1414&clearcache=true&ClientFund=1&LanguageId=es-MX&CurrencyId=MXN&UniverseId=FOMEX%24%24ALL_1414&BaseCurrencyId=MXN","Deuda PF - Bancario y gubernamental","https://es-us.finanzas.yahoo.com/q/hp?s=AFIRPLUC.MX","AFIRPLU C",,"Personas físicas","Deuda Mediano Plazo","http://www.morningstar.com.mx/mx/funds/snapshot/snapshot.aspx?id=F0000004XW","01/06/2004","Deuda"
"S&P Valmer MEX CETES 28D","http://lt.morningstar.com/7ap7omrzjm/snapshot/snapshot.aspx?id=F000001WA1&SecurityToken=F000001WA1%5d2%5d1%5dFOMEX%24%24ALL_1414&clearcache=true&ClientFund=1&LanguageId=es-MX&CurrencyId=MXN&UniverseId=FOMEX%24%24ALL_1414&BaseCurrencyId=MXN","Deuda PF - Bancario y gubernamental","https://es-us.finanzas.yahoo.com/q/hp?s=AFIRPLUBM.MX","AFIRPLU BM",,"Personas morales","Deuda Mediano Plazo","http://www.morningstar.com.mx/mx/funds/snapshot/snapshot.aspx?id=F000001WA1","05/02/2007","Deuda"
"S&P Valmer MEX CETES 28D","http://lt.morningstar.com/7ap7omrzjm/snapshot/snapshot.aspx?id=F000001WA0&SecurityToken=F000001WA0%5d2%5d1%5dFOMEX%24%24ALL_1414&clearcache=true&ClientFund=1&LanguageId=es-MX&CurrencyId=MXN&UniverseId=FOMEX%24%24ALL_1414&BaseCurrencyId=MXN","Deuda PF - Bancario y gubernamental","https://es-us.finanzas.yahoo.com/q/hp?s=AFIRPLUBE.MX","AFIRPLU BE",,"No contribuyentes","Deuda Mediano Plazo","http://www.morningstar.com.mx/mx/funds/snapshot/snapshot.aspx?id=F000001WA0","05/02/2008","Deuda"
"S&P Valmer MEX CETES 28D","http://lt.morningstar.com/7ap7omrzjm/snapshot/snapshot.aspx?id=F000001W9V&SecurityToken=F000001W9V%5d2%5d1%5dFOMEX%24%24ALL_1414&clearcache=true&ClientFund=1&LanguageId=es-MX&CurrencyId=MXN&UniverseId=FOMEX%24%24ALL_1414&BaseCurrencyId=MXN","Deuda PF - Bancario y gubernamental","https://es-us.finanzas.yahoo.com/q/hp?s=AFIRPLUB3.MX","AFIRPLU B3",,"Personas físicas","Deuda Mediano Plazo","http://www.morningstar.com.mx/mx/funds/snapshot/snapshot.aspx?id=F000001W9V","05/02/2007","Deuda"
"S&P Valmer MEX CETES 28D","http://lt.morningstar.com/7ap7omrzjm/snapshot/snapshot.aspx?id=F000001W9Z&SecurityToken=F000001W9Z%5d2%5d1%5dFOMEX%24%24ALL_1414&clearcache=true&ClientFund=1&LanguageId=es-MX&CurrencyId=MXN&UniverseId=FOMEX%24%24ALL_1414&BaseCurrencyId=MXN","Deuda PF - Bancario y gubernamental","https://es-us.finanzas.yahoo.com/q/hp?s=AFIRPLUB2.MX","AFIRPLU B2",,"Personas físicas","Deuda Mediano Plazo","http://www.morningstar.com.mx/mx/funds/snapshot/snapshot.aspx?id=F000001W9Z","05/02/2007","Deuda"
"S&P Valmer MEX CETES 28D","http://lt.morningstar.com/7ap7omrzjm/snapshot/snapshot.aspx?id=F000001WA7&SecurityToken=F000001WA7%5d2%5d1%5dFOMEX%24%24ALL_1414&clearcache=true&ClientFund=1&LanguageId=es-MX&CurrencyId=MXN&UniverseId=FOMEX%24%24ALL_1414&BaseCurrencyId=MXN","Deuda PF - Bancario y gubernamental","https://es-us.finanzas.yahoo.com/q/hp?s=AFIRPLUB1.MX","AFIRPLU B1",,"Personas físicas","Deuda Mediano Plazo","http://www.morningstar.com.mx/mx/funds/snapshot/snapshot.aspx?id=F000001WA7","05/02/2008","Deuda"
"S&P Valmer MEX CETES 28D","http://lt.morningstar.com/7ap7omrzjm/snapshot/snapshot.aspx?id=F0000004X5&SecurityToken=F0000004X5%5d2%5d1%5dFOMEX%24%24ALL_1414&clearcache=true&ClientFund=1&LanguageId=es-MX&CurrencyId=MXN&UniverseId=FOMEX%24%24ALL_1414&BaseCurrencyId=MXN","Deuda PF - Bancario y gubernamental","https://es-us.finanzas.yahoo.com/q/hp?s=AFIRPLUB.MX","AFIRPLU B",,"Personas físicas","Deuda Mediano Plazo","http://www.morningstar.com.mx/mx/funds/snapshot/snapshot.aspx?id=F0000004X5","01/10/2001","Deuda"
"FTSE-PiP Fondeo G 24hrs","http://lt.morningstar.com/7ap7omrzjm/snapshot/snapshot.aspx?id=F0000004WT&SecurityToken=F0000004WT%5d2%5d1%5dFOMEX%24%24ALL_1414&clearcache=true&ClientFund=1&LanguageId=es-MX&CurrencyId=MXN&UniverseId=FOMEX%24%24ALL_1414&BaseCurrencyId=MXN","Deuda PF - Bancario y gubernamental","https://es-us.finanzas.yahoo.com/q/hp?s=AFIRMESE.MX","AFIRMES E",,"Personas físicas","Deuda Gubernamental - Corto Plazo","http://www.morningstar.com.mx/mx/funds/snapshot/snapshot.aspx?id=F0000004WT","01/06/2004","Deuda"
"FTSE-PiP Fondeo G 24hrs","http://lt.morningstar.com/7ap7omrzjm/snapshot/snapshot.aspx?id=F000001WA3&SecurityToken=F000001WA3%5d2%5d1%5dFOMEX%24%24ALL_1414&clearcache=true&ClientFund=1&LanguageId=es-MX&CurrencyId=MXN&UniverseId=FOMEX%24%24ALL_1414&BaseCurrencyId=MXN","Deuda PF - Bancario y gubernamental","https://es-us.finanzas.yahoo.com/q/hp?s=AFIRMESDM.MX","AFIRMES DM",,"Personas morales","Deuda Gubernamental - Corto Plazo","http://www.morningstar.com.mx/mx/funds/snapshot/snapshot.aspx?id=F000001WA3","05/02/2007","Deuda"
"S&P Valmer MEX FGUBER","http://lt.morningstar.com/7ap7omrzjm/snapshot/snapshot.aspx?id=F000001WEI&SecurityToken=F000001WEI%5d2%5d1%5dFOMEX%24%24ALL_1414&clearcache=true&ClientFund=1&LanguageId=es-MX&CurrencyId=MXN&UniverseId=FOMEX%24%24ALL_1414&BaseCurrencyId=MXN","Dueda PF - Agresivo","https://es-us.finanzas.yahoo.com/q/hp?s=ALTERNAD.MX","ALTERNA D",,"Personas físicas","Deuda Flexible","http://www.morningstar.com.mx/mx/funds/snapshot/snapshot.aspx?id=F000001WEI","09/11/2007","Deuda"
"S&P Valmer MEX FGUBER","http://lt.morningstar.com/7ap7omrzjm/snapshot/snapshot.aspx?id=F000000494&SecurityToken=F000000494%5d2%5d1%5dFOMEX%24%24ALL_1414&clearcache=true&ClientFund=1&LanguageId=es-MX&CurrencyId=MXN&UniverseId=FOMEX%24%24ALL_1414&BaseCurrencyId=MXN","Dueda PF - Agresivo","https://es-us.finanzas.yahoo.com/q/hp?s=ALTERNAB3.MX","ALTERNA B-3","https://es-us.finanzas.yahoo.com/q/hp?s=ALTERNAB-3.MX","Personas físicas","Deuda Flexible","http://www.morningstar.com.mx/mx/funds/snapshot/snapshot.aspx?id=F000000494","18/06/1998","Deuda"
"S&P Valmer MEX FGUBER","http://lt.morningstar.com/7ap7omrzjm/snapshot/snapshot.aspx?id=F000000493&SecurityToken=F000000493%5d2%5d1%5dFOMEX%24%24ALL_1414&clearcache=true&ClientFund=1&LanguageId=es-MX&CurrencyId=MXN&UniverseId=FOMEX%24%24ALL_1414&BaseCurrencyId=MXN","Dueda PF - Agresivo","https://es-us.finanzas.yahoo.com/q/hp?s=ALTERNAB2.MX","ALTERNA B-2","https://es-us.finanzas.yahoo.com/q/hp?s=ALTERNAB-2.MX","Personas físicas","Deuda Flexible","http://www.morningstar.com.mx/mx/funds/snapshot/snapshot.aspx?id=F000000493","03/09/2005","Deuda"
"S&P Valmer MEX FGUBER","http://lt.morningstar.com/7ap7omrzjm/snapshot/snapshot.aspx?id=F000000491&SecurityToken=F000000491%5d2%5d1%5dFOMEX%24%24ALL_1414&clearcache=true&ClientFund=1&LanguageId=es-MX&CurrencyId=MXN&UniverseId=FOMEX%24%24ALL_1414&BaseCurrencyId=MXN","Dueda PF - Agresivo","https://es-us.finanzas.yahoo.com/q/hp?s=ALTERNAB1.MX","ALTERNA B-1","https://es-us.finanzas.yahoo.com/q/hp?s=ALTERNAB-1.MX","Personas físicas","Deuda Flexible","http://www.morningstar.com.mx/mx/funds/snapshot/snapshot.aspx?id=F000000491","03/09/2005","Deuda"
"S&P Valmer MEX FGUBER","http://lt.morningstar.com/7ap7omrzjm/snapshot/snapshot.aspx?id=F00000OMGP&SecurityToken=F00000OMGP%5d2%5d1%5dFOMEX%24%24ALL_1414&clearcache=true&ClientFund=1&LanguageId=es-MX&CurrencyId=MXN&UniverseId=FOMEX%24%24ALL_1414&BaseCurrencyId=MXN","Deuda PM - Bancario y gubernamental","https://es-us.finanzas.yahoo.com/q/hp?s=AGOBM3.MX","AGOB+ M-3","https://es-us.finanzas.yahoo.com/q/hp?s=AGOBM-3.MX","Personas morales","Deuda Gubernamental - Mediano Plazo","http://www.morningstar.com.mx/mx/funds/snapshot/snapshot.aspx?id=F00000OMGP","16/07/2012","Deuda"
"S&P Valmer MEX FGUBER","http://lt.morningstar.com/7ap7omrzjm/snapshot/snapshot.aspx?id=F00000OMGO&SecurityToken=F00000OMGO%5d2%5d1%5dFOMEX%24%24ALL_1414&clearcache=true&ClientFund=1&LanguageId=es-MX&CurrencyId=MXN&UniverseId=FOMEX%24%24ALL_1414&BaseCurrencyId=MXN","Deuda PM - Bancario y gubernamental","https://es-us.finanzas.yahoo.com/q/hp?s=AGOBM2.MX","AGOB+ M-2","https://es-us.finanzas.yahoo.com/q/hp?s=AGOBM-2.MX","Personas morales","Deuda Gubernamental - Mediano Plazo","http://www.morningstar.com.mx/mx/funds/snapshot/snapshot.aspx?id=F00000OMGO","16/07/2012","Deuda"
"S&P Valmer MEX FGUBER","http://lt.morningstar.com/7ap7omrzjm/snapshot/snapshot.aspx?id=F00000OMGN&SecurityToken=F00000OMGN%5d2%5d1%5dFOMEX%24%24ALL_1414&clearcache=true&ClientFund=1&LanguageId=es-MX&CurrencyId=MXN&UniverseId=FOMEX%24%24ALL_1414&BaseCurrencyId=MXN","Deuda PM - Bancario y gubernamental","https://es-us.finanzas.yahoo.com/q/hp?s=AGOBM1.MX","AGOB+ M-1","https://es-us.finanzas.yahoo.com/q/hp?s=AGOBM-1.MX","Personas morales","Deuda Gubernamental - Mediano Plazo","http://www.morningstar.com.mx/mx/funds/snapshot/snapshot.aspx?id=F00000OMGN","16/07/2012","Deuda"
"S&P Valmer MEX FGUBER","http://lt.morningstar.com/7ap7omrzjm/snapshot/snapshot.aspx?id=F00000OMGM&SecurityToken=F00000OMGM%5d2%5d1%5dFOMEX%24%24ALL_1414&clearcache=true&ClientFund=1&LanguageId=es-MX&CurrencyId=MXN&UniverseId=FOMEX%24%24ALL_1414&BaseCurrencyId=MXN","Deuda PM - Bancario y gubernamental","https://es-us.finanzas.yahoo.com/q/hp?s=AGOBGE.MX","AGOB+ GE",,"No contribuyentes","Deuda Gubernamental - Mediano Plazo","http://www.morningstar.com.mx/mx/funds/snapshot/snapshot.aspx?id=F00000OMGM","16/07/2012","Deuda"
"S&P Valmer MEX FGUBER","http://lt.morningstar.com/7ap7omrzjm/snapshot/snapshot.aspx?id=F00000QFR1&SecurityToken=F00000QFR1%5d2%5d1%5dFOMEX%24%24ALL_1414&clearcache=true&ClientFund=1&LanguageId=es-MX&CurrencyId=MXN&UniverseId=FOMEX%24%24ALL_1414&BaseCurrencyId=MXN","Deuda PM - Bancario y gubernamental","https://es-us.finanzas.yahoo.com/q/hp?s=AGOBFF.MX","AGOB+ FF",,"Fondo de fondos","Deuda Gubernamental - Mediano Plazo","http://www.morningstar.com.mx/mx/funds/snapshot/snapshot.aspx?id=F00000QFR1","16/07/2012","Deuda"
"S&P Valmer MEX FGUBER","http://lt.morningstar.com/7ap7omrzjm/snapshot/snapshot.aspx?id=F00000OMGL&SecurityToken=F00000OMGL%5d2%5d1%5dFOMEX%24%24ALL_1414&clearcache=true&ClientFund=1&LanguageId=es-MX&CurrencyId=MXN&UniverseId=FOMEX%24%24ALL_1414&BaseCurrencyId=MXN","Deuda PM - Bancario y gubernamental","https://es-us.finanzas.yahoo.com/q/hp?s=AGOBE.MX","AGOB+ E",,"No contribuyentes","Deuda Gubernamental - Mediano Plazo","http://www.morningstar.com.mx/mx/funds/snapshot/snapshot.aspx?id=F00000OMGL","16/07/2012","Deuda"
"S&P Valmer MEX FGUBER","http://lt.morningstar.com/7ap7omrzjm/snapshot/snapshot.aspx?id=F00000OMGK&SecurityToken=F00000OMGK%5d2%5d1%5dFOMEX%24%24ALL_1414&clearcache=true&ClientFund=1&LanguageId=es-MX&CurrencyId=MXN&UniverseId=FOMEX%24%24ALL_1414&BaseCurrencyId=MXN","Deuda PM - Bancario y gubernamental","https://es-us.finanzas.yahoo.com/q/hp?s=AGOBB3.MX","AGOB+ B-3","https://es-us.finanzas.yahoo.com/q/hp?s=AGOBB-3.MX","Personas físicas","Deuda Gubernamental - Mediano Plazo","http://www.morningstar.com.mx/mx/funds/snapshot/snapshot.aspx?id=F00000OMGK","16/07/2012","Deuda"
"S&P Valmer MEX FGUBER","http://lt.morningstar.com/7ap7omrzjm/snapshot/snapshot.aspx?id=F00000OMGJ&SecurityToken=F00000OMGJ%5d2%5d1%5dFOMEX%24%24ALL_1414&clearcache=true&ClientFund=1&LanguageId=es-MX&CurrencyId=MXN&UniverseId=FOMEX%24%24ALL_1414&BaseCurrencyId=MXN","Deuda PM - Bancario y gubernamental","https://es-us.finanzas.yahoo.com/q/hp?s=AGOBB2.MX","AGOB+ B-2","https://es-us.finanzas.yahoo.com/q/hp?s=AGOBB-2.MX","Personas físicas","Deuda Gubernamental - Mediano Plazo","http://www.morningstar.com.mx/mx/funds/snapshot/snapshot.aspx?id=F00000OMGJ","16/07/2012","Deuda"
"S&P Valmer MEX FGUBER","http://lt.morningstar.com/7ap7omrzjm/snapshot/snapshot.aspx?id=F00000OMGI&SecurityToken=F00000OMGI%5d2%5d1%5dFOMEX%24%24ALL_1414&clearcache=true&ClientFund=1&LanguageId=es-MX&CurrencyId=MXN&UniverseId=FOMEX%24%24ALL_1414&BaseCurrencyId=MXN","Deuda PM - Bancario y gubernamental","https://es-us.finanzas.yahoo.com/q/hp?s=AGOBB1.MX","AGOB+ B-1","https://es-us.finanzas.yahoo.com/q/hp?s=AGOBB-1.MX","Personas físicas","Deuda Gubernamental - Mediano Plazo","http://www.morningstar.com.mx/mx/funds/snapshot/snapshot.aspx?id=F00000OMGI","16/07/2012","Deuda"
"FTSE-PiP Fondeo G 24hrs","http://lt.morningstar.com/7ap7omrzjm/snapshot/snapshot.aspx?id=F0000004VY&SecurityToken=F0000004VY%5d2%5d1%5dFOMEX%24%24ALL_1414&clearcache=true&ClientFund=1&LanguageId=es-MX&CurrencyId=MXN&UniverseId=FOMEX%24%24ALL_1414&BaseCurrencyId=MXN","Deuda PF - Bancario y gubernamental","https://es-us.finanzas.yahoo.com/q/hp?s=AFIRVISE.MX","AFIRVIS E",,"Personas físicas","Deuda Corto Plazo","http://www.morningstar.com.mx/mx/funds/snapshot/snapshot.aspx?id=F0000004VY","01/04/2004","Deuda"
"FTSE-PiP Fondeo G 24hrs","http://lt.morningstar.com/7ap7omrzjm/snapshot/snapshot.aspx?id=F000001WE8&SecurityToken=F000001WE8%5d2%5d1%5dFOMEX%24%24ALL_1414&clearcache=true&ClientFund=1&LanguageId=es-MX&CurrencyId=MXN&UniverseId=FOMEX%24%24ALL_1414&BaseCurrencyId=MXN","Deuda PF - Bancario y gubernamental","https://es-us.finanzas.yahoo.com/q/hp?s=AFIRVISDM.MX","AFIRVIS DM",,"Personas morales","Deuda Corto Plazo","http://www.morningstar.com.mx/mx/funds/snapshot/snapshot.aspx?id=F000001WE8","05/02/2007","Deuda"
"FTSE-PiP Fondeo G 24hrs","http://lt.morningstar.com/7ap7omrzjm/snapshot/snapshot.aspx?id=F0000004W0&SecurityToken=F0000004W0%5d2%5d1%5dFOMEX%24%24ALL_1414&clearcache=true&ClientFund=1&LanguageId=es-MX&CurrencyId=MXN&UniverseId=FOMEX%24%24ALL_1414&BaseCurrencyId=MXN","Deuda PF - Bancario y gubernamental","https://es-us.finanzas.yahoo.com/q/hp?s=AFIRVISD.MX","AFIRVIS D",,"Personas físicas","Deuda Corto Plazo","http://www.morningstar.com.mx/mx/funds/snapshot/snapshot.aspx?id=F0000004W0","01/04/2004","Deuda"
"FTSE-PiP Fondeo G 24hrs","http://lt.morningstar.com/7ap7omrzjm/snapshot/snapshot.aspx?id=F000001WE9&SecurityToken=F000001WE9%5d2%5d1%5dFOMEX%24%24ALL_1414&clearcache=true&ClientFund=1&LanguageId=es-MX&CurrencyId=MXN&UniverseId=FOMEX%24%24ALL_1414&BaseCurrencyId=MXN","Deuda PF - Bancario y gubernamental","https://es-us.finanzas.yahoo.com/q/hp?s=AFIRVISCM.MX","AFIRVIS CM",,"Personas morales","Deuda Corto Plazo","http://www.morningstar.com.mx/mx/funds/snapshot/snapshot.aspx?id=F000001WE9","05/02/2007","Deuda"
"FTSE-PiP Fondeo G 24hrs","http://lt.morningstar.com/7ap7omrzjm/snapshot/snapshot.aspx?id=F000001WE6&SecurityToken=F000001WE6%5d2%5d1%5dFOMEX%24%24ALL_1414&clearcache=true&ClientFund=1&LanguageId=es-MX&CurrencyId=MXN&UniverseId=FOMEX%24%24ALL_1414&BaseCurrencyId=MXN","Deuda PF - Bancario y gubernamental","https://es-us.finanzas.yahoo.com/q/hp?s=AFIRVISCE.MX","AFIRVIS CE",,"No contribuyentes","Deuda Corto Plazo","http://www.morningstar.com.mx/mx/funds/snapshot/snapshot.aspx?id=F000001WE6","05/02/2007","Deuda"
"FTSE-PiP Fondeo G 24hrs","http://lt.morningstar.com/7ap7omrzjm/snapshot/snapshot.aspx?id=F0000004WB&SecurityToken=F0000004WB%5d2%5d1%5dFOMEX%24%24ALL_1414&clearcache=true&ClientFund=1&LanguageId=es-MX&CurrencyId=MXN&UniverseId=FOMEX%24%24ALL_1414&BaseCurrencyId=MXN","Deuda PF - Bancario y gubernamental","https://es-us.finanzas.yahoo.com/q/hp?s=AFIRVISC.MX","AFIRVIS C",,"Personas físicas","Deuda Corto Plazo","http://www.morningstar.com.mx/mx/funds/snapshot/snapshot.aspx?id=F0000004WB","01/04/2004","Deuda"
"20% VLMR_MEX_CETES_28D, 80% BMV IPC PR MXN","http://lt.morningstar.com/7ap7omrzjm/snapshot/snapshot.aspx?id=F00000VZTZ&SecurityToken=F00000VZTZ%5d2%5d0%5dFOMEX%24%24ALL_1414&clearcache=true&ClientFund=0&LanguageId=es-MX&CurrencyId=MXN&UniverseId=FOMEX%24%24ALL_1414&BaseCurrencyId=MXN","-","https://es-us.finanzas.yahoo.com/q/hp?s=AXESBMVA.MX","AXESBMV A",,"-","RV Mexico","http://www.morningstar.com.mx/mx/funds/snapshot/snapshot.aspx?id=F00000VZTZ","21/04/2015","-"
"50% S&P Valmer MEX CETES 182D, 20% S&P Valmer MEX Bonos 5A, 12% MSCI ACWI, 18% BMV IPC PR MXN","http://lt.morningstar.com/7ap7omrzjm/snapshot/snapshot.aspx?id=F00000VZV4&SecurityToken=F00000VZV4%5d2%5d0%5dFOMEX%24%24ALL_1414&clearcache=true&ClientFund=0&LanguageId=es-MX&CurrencyId=MXN&UniverseId=FOMEX%24%24ALL_1414&BaseCurrencyId=MXN","-","https://es-us.finanzas.yahoo.com/q/hp?s=AXESAPIF1.MX","AXESAPI F1",,"Personas físicas","Mixtos Moderados","http://www.morningstar.com.mx/mx/funds/snapshot/snapshot.aspx?id=F00000VZV4","26/05/2015","-"
"50% S&P Valmer MEX CETES 182D, 20% S&P Valmer MEX Bonos 5A, 12% MSCI ACWI, 18% BMV IPC PR MXN","http://lt.morningstar.com/7ap7omrzjm/snapshot/snapshot.aspx?id=F00000W1GJ&SecurityToken=F00000W1GJ%5d2%5d0%5dFOMEX%24%24ALL_1414&clearcache=true&ClientFund=0&LanguageId=es-MX&CurrencyId=MXN&UniverseId=FOMEX%24%24ALL_1414&BaseCurrencyId=MXN","-","https://es-us.finanzas.yahoo.com/q/hp?s=AXESAPIE1.MX","AXESAPI E1",,"No contribuyentes","Mixtos Moderados","http://www.morningstar.com.mx/mx/funds/snapshot/snapshot.aspx?id=F00000W1GJ","12/06/2015","-"
"50% S&P Valmer MEX CETES 182D, 20% S&P Valmer MEX Bonos 5A, 12% MSCI ACWI, 18% BMV IPC PR MXN","http://lt.morningstar.com/7ap7omrzjm/snapshot/snapshot.aspx?id=F00000VZUZ&SecurityToken=F00000VZUZ%5d2%5d0%5dFOMEX%24%24ALL_1414&clearcache=true&ClientFund=0&LanguageId=es-MX&CurrencyId=MXN&UniverseId=FOMEX%24%24ALL_1414&BaseCurrencyId=MXN","-","https://es-us.finanzas.yahoo.com/q/hp?s=AXESAPIA.MX","AXESAPI A",,"-","Mixtos Moderados","http://www.morningstar.com.mx/mx/funds/snapshot/snapshot.aspx?id=F00000VZUZ","22/05/2015","-"
"S&P Valmer MEX CETES","http://lt.morningstar.com/7ap7omrzjm/snapshot/snapshot.aspx?id=F00000NXWU&SecurityToken=F00000NXWU%5d2%5d1%5dFOMEX%24%24ALL_1414&clearcache=true&ClientFund=1&LanguageId=es-MX&CurrencyId=MXN&UniverseId=FOMEX%24%24ALL_1414&BaseCurrencyId=MXN","Dueda PF - Agresivo","https://es-us.finanzas.yahoo.com/q/hp?s=APICPBM3.MX","APICP BM3",,"Personas morales","Deuda Gubernamental - Corto Plazo","http://www.morningstar.com.mx/mx/funds/snapshot/snapshot.aspx?id=F00000NXWU","21/02/2012","Deuda"
"S&P Valmer MEX CETES","http://lt.morningstar.com/7ap7omrzjm/snapshot/snapshot.aspx?id=F00000NXWT&SecurityToken=F00000NXWT%5d2%5d1%5dFOMEX%24%24ALL_1414&clearcache=true&ClientFund=1&LanguageId=es-MX&CurrencyId=MXN&UniverseId=FOMEX%24%24ALL_1414&BaseCurrencyId=MXN","Dueda PF - Agresivo","https://es-us.finanzas.yahoo.com/q/hp?s=APICPBM2.MX","APICP BM2",,"Personas morales","Deuda Gubernamental - Corto Plazo","http://www.morningstar.com.mx/mx/funds/snapshot/snapshot.aspx?id=F00000NXWT","21/02/2012","Deuda"
"S&P Valmer MEX CETES","http://lt.morningstar.com/7ap7omrzjm/snapshot/snapshot.aspx?id=F00000OCF8&SecurityToken=F00000OCF8%5d2%5d1%5dFOMEX%24%24ALL_1414&clearcache=true&ClientFund=1&LanguageId=es-MX&CurrencyId=MXN&UniverseId=FOMEX%24%24ALL_1414&BaseCurrencyId=MXN","Dueda PF - Agresivo","https://es-us.finanzas.yahoo.com/q/hp?s=APICPBF5.MX","APICP BF5",,"Personas físicas","Deuda Gubernamental - Corto Plazo","http://www.morningstar.com.mx/mx/funds/snapshot/snapshot.aspx?id=F00000OCF8","21/02/2012","Deuda"
"S&P Valmer MEX CETES","http://lt.morningstar.com/7ap7omrzjm/snapshot/snapshot.aspx?id=F00000NYV8&SecurityToken=F00000NYV8%5d2%5d1%5dFOMEX%24%24ALL_1414&clearcache=true&ClientFund=1&LanguageId=es-MX&CurrencyId=MXN&UniverseId=FOMEX%24%24ALL_1414&BaseCurrencyId=MXN","Dueda PF - Agresivo","https://es-us.finanzas.yahoo.com/q/hp?s=APICPBF4.MX","APICP BF4",,"Personas físicas","Deuda Gubernamental - Corto Plazo","http://www.morningstar.com.mx/mx/funds/snapshot/snapshot.aspx?id=F00000NYV8","21/02/2012","Deuda"
"S&P Valmer MEX CETES","http://lt.morningstar.com/7ap7omrzjm/snapshot/snapshot.aspx?id=F00000NYV7&SecurityToken=F00000NYV7%5d2%5d1%5dFOMEX%24%24ALL_1414&clearcache=true&ClientFund=1&LanguageId=es-MX&CurrencyId=MXN&UniverseId=FOMEX%24%24ALL_1414&BaseCurrencyId=MXN","Dueda PF - Agresivo","https://es-us.finanzas.yahoo.com/q/hp?s=APICPBF3.MX","APICP BF3",,"Personas físicas","Deuda Gubernamental - Corto Plazo","http://www.morningstar.com.mx/mx/funds/snapshot/snapshot.aspx?id=F00000NYV7","21/02/2012","Deuda"
"S&P Valmer MEX CETES","http://lt.morningstar.com/7ap7omrzjm/snapshot/snapshot.aspx?id=F00000OCF5&SecurityToken=F00000OCF5%5d2%5d1%5dFOMEX%24%24ALL_1414&clearcache=true&ClientFund=1&LanguageId=es-MX&CurrencyId=MXN&UniverseId=FOMEX%24%24ALL_1414&BaseCurrencyId=MXN","Dueda PF - Agresivo","https://es-us.finanzas.yahoo.com/q/hp?s=APICPBE5.MX","APICP BE5",,"No contribuyentes","Deuda Gubernamental - Corto Plazo","http://www.morningstar.com.mx/mx/funds/snapshot/snapshot.aspx?id=F00000OCF5","21/02/2012","Deuda"
"S&P Valmer MEX CETES","http://lt.morningstar.com/7ap7omrzjm/snapshot/snapshot.aspx?id=F00000OBJR&SecurityToken=F00000OBJR%5d2%5d1%5dFOMEX%24%24ALL_1414&clearcache=true&ClientFund=1&LanguageId=es-MX&CurrencyId=MXN&UniverseId=FOMEX%24%24ALL_1414&BaseCurrencyId=MXN","Dueda PF - Agresivo","https://es-us.finanzas.yahoo.com/q/hp?s=APICPBE3.MX","APICP BE3",,"No contribuyentes","Deuda Gubernamental - Corto Plazo","http://www.morningstar.com.mx/mx/funds/snapshot/snapshot.aspx?id=F00000OBJR","21/02/2012","Deuda"
"S&P Valmer MEX CETES","http://lt.morningstar.com/7ap7omrzjm/snapshot/snapshot.aspx?id=F00000O979&SecurityToken=F00000O979%5d2%5d1%5dFOMEX%24%24ALL_1414&clearcache=true&ClientFund=1&LanguageId=es-MX&CurrencyId=MXN&UniverseId=FOMEX%24%24ALL_1414&BaseCurrencyId=MXN","Dueda PF - Agresivo","https://es-us.finanzas.yahoo.com/q/hp?s=APICPBE2.MX","APICP BE2",,"No contribuyentes","Deuda Gubernamental - Corto Plazo","http://www.morningstar.com.mx/mx/funds/snapshot/snapshot.aspx?id=F00000O979","21/02/2012","Deuda"
"S&P Valmer MEX CETES","http://lt.morningstar.com/7ap7omrzjm/snapshot/snapshot.aspx?id=F00000V4A4&SecurityToken=F00000V4A4%5d2%5d0%5dFOMEX%24%24ALL_1414&clearcache=true&ClientFund=0&LanguageId=es-MX&CurrencyId=MXN&UniverseId=FOMEX%24%24ALL_1414&BaseCurrencyId=MXN","Dueda PF - Agresivo","https://es-us.finanzas.yahoo.com/q/hp?s=APICPBE1.MX","APICP BE1",,"No contribuyentes","Deuda Gubernamental - Corto Plazo","http://www.morningstar.com.mx/mx/funds/snapshot/snapshot.aspx?id=F00000V4A4","21/02/2012","-"
"S&P Valmer MEX FGUBER","http://lt.morningstar.com/7ap7omrzjm/snapshot/snapshot.aspx?id=F000001WEG&SecurityToken=F000001WEG%5d2%5d1%5dFOMEX%24%24ALL_1414&clearcache=true&ClientFund=1&LanguageId=es-MX&CurrencyId=MXN&UniverseId=FOMEX%24%24ALL_1414&BaseCurrencyId=MXN","Dueda PF - Agresivo","https://es-us.finanzas.yahoo.com/q/hp?s=ALTERNAM3.MX","ALTERNA M-3","https://es-us.finanzas.yahoo.com/q/hp?s=ALTERNAM-3.MX","Personas morales","Deuda Flexible","http://www.morningstar.com.mx/mx/funds/snapshot/snapshot.aspx?id=F000001WEG","09/11/2007","Deuda"
"S&P Valmer MEX FGUBER","http://lt.morningstar.com/7ap7omrzjm/snapshot/snapshot.aspx?id=F000001WEM&SecurityToken=F000001WEM%5d2%5d1%5dFOMEX%24%24ALL_1414&clearcache=true&ClientFund=1&LanguageId=es-MX&CurrencyId=MXN&UniverseId=FOMEX%24%24ALL_1414&BaseCurrencyId=MXN","Dueda PF - Agresivo","https://es-us.finanzas.yahoo.com/q/hp?s=ALTERNAM2.MX","ALTERNA M-2","https://es-us.finanzas.yahoo.com/q/hp?s=ALTERNAM-2.MX","Personas morales","Deuda Flexible","http://www.morningstar.com.mx/mx/funds/snapshot/snapshot.aspx?id=F000001WEM","09/11/2007","Deuda"
"S&P Valmer MEX FGUBER","http://lt.morningstar.com/7ap7omrzjm/snapshot/snapshot.aspx?id=F000001WEA&SecurityToken=F000001WEA%5d2%5d1%5dFOMEX%24%24ALL_1414&clearcache=true&ClientFund=1&LanguageId=es-MX&CurrencyId=MXN&UniverseId=FOMEX%24%24ALL_1414&BaseCurrencyId=MXN","Dueda PF - Agresivo","https://es-us.finanzas.yahoo.com/q/hp?s=ALTERNAM1.MX","ALTERNA M-1","https://es-us.finanzas.yahoo.com/q/hp?s=ALTERNAM-1.MX","Personas morales","Deuda Flexible","http://www.morningstar.com.mx/mx/funds/snapshot/snapshot.aspx?id=F000001WEA","09/11/2007","Deuda"
"S&P Valmer MEX FGUBER","http://lt.morningstar.com/7ap7omrzjm/snapshot/snapshot.aspx?id=F000001WE7&SecurityToken=F000001WE7%5d2%5d1%5dFOMEX%24%24ALL_1414&clearcache=true&ClientFund=1&LanguageId=es-MX&CurrencyId=MXN&UniverseId=FOMEX%24%24ALL_1414&BaseCurrencyId=MXN","Dueda PF - Agresivo","https://es-us.finanzas.yahoo.com/q/hp?s=ALTERNAFF.MX","ALTERNA FF",,"Fondo de fondos","Deuda Flexible","http://www.morningstar.com.mx/mx/funds/snapshot/snapshot.aspx?id=F000001WE7","09/11/2007","Deuda"
"S&P Valmer MEX FGUBER","http://lt.morningstar.com/7ap7omrzjm/snapshot/snapshot.aspx?id=F00000JRDE&SecurityToken=F00000JRDE%5d2%5d1%5dFOMEX%24%24ALL_1414&clearcache=true&ClientFund=1&LanguageId=es-MX&CurrencyId=MXN&UniverseId=FOMEX%24%24ALL_1414&BaseCurrencyId=MXN","Dueda PF - Agresivo","https://es-us.finanzas.yahoo.com/q/hp?s=ALTERNAF3.MX","ALTERNA F-3","https://es-us.finanzas.yahoo.com/q/hp?s=ALTERNAF-3.MX","Personas físicas","Deuda Flexible","http://www.morningstar.com.mx/mx/funds/snapshot/snapshot.aspx?id=F00000JRDE","13/01/2009","Deuda"
"S&P Valmer MEX FGUBER","http://lt.morningstar.com/7ap7omrzjm/snapshot/snapshot.aspx?id=F00000NJJT&SecurityToken=F00000NJJT%5d2%5d1%5dFOMEX%24%24ALL_1414&clearcache=true&ClientFund=1&LanguageId=es-MX&CurrencyId=MXN&UniverseId=FOMEX%24%24ALL_1414&BaseCurrencyId=MXN","Dueda PF - Agresivo","https://es-us.finanzas.yahoo.com/q/hp?s=ALTERNAF1.MX","ALTERNA F-1","https://es-us.finanzas.yahoo.com/q/hp?s=ALTERNAF-1.MX","Personas físicas","Deuda Flexible","http://www.morningstar.com.mx/mx/funds/snapshot/snapshot.aspx?id=F00000NJJT","23/11/2011","Deuda"
"STOXX 50","http://lt.morningstar.com/7ap7omrzjm/snapshot/snapshot.aspx?id=F00000VZU8&SecurityToken=F00000VZU8%5d2%5d0%5dFOMEX%24%24ALL_1414&clearcache=true&ClientFund=0&LanguageId=es-MX&CurrencyId=MXN&UniverseId=FOMEX%24%24ALL_1414&BaseCurrencyId=MXN","-","https://es-us.finanzas.yahoo.com/q/hp?s=AXESEDMFF1.MX","AXESEDM FF1",,"Fondo de fondos","Otros","http://www.morningstar.com.mx/mx/funds/snapshot/snapshot.aspx?id=F00000VZU8","19/05/2015","-"
"STOXX 50","http://lt.morningstar.com/7ap7omrzjm/snapshot/snapshot.aspx?id=F00000VZUE&SecurityToken=F00000VZUE%5d2%5d0%5dFOMEX%24%24ALL_1414&clearcache=true&ClientFund=0&LanguageId=es-MX&CurrencyId=MXN&UniverseId=FOMEX%24%24ALL_1414&BaseCurrencyId=MXN","-","https://es-us.finanzas.yahoo.com/q/hp?s=AXESEDMF3.MX","AXESEDM F3",,"Personas físicas","Otros","http://www.morningstar.com.mx/mx/funds/snapshot/snapshot.aspx?id=F00000VZUE","15/04/2015","-"
"STOXX 50","http://lt.morningstar.com/7ap7omrzjm/snapshot/snapshot.aspx?id=F00000VZU6&SecurityToken=F00000VZU6%5d2%5d0%5dFOMEX%24%24ALL_1414&clearcache=true&ClientFund=0&LanguageId=es-MX&CurrencyId=MXN&UniverseId=FOMEX%24%24ALL_1414&BaseCurrencyId=MXN","-","https://es-us.finanzas.yahoo.com/q/hp?s=AXESEDMF1.MX","AXESEDM F1",,"Personas físicas","Otros","http://www.morningstar.com.mx/mx/funds/snapshot/snapshot.aspx?id=F00000VZU6","15/05/2015","-"
"STOXX 50","http://lt.morningstar.com/7ap7omrzjm/snapshot/snapshot.aspx?id=F00000VZUD&SecurityToken=F00000VZUD%5d2%5d0%5dFOMEX%24%24ALL_1414&clearcache=true&ClientFund=0&LanguageId=es-MX&CurrencyId=MXN&UniverseId=FOMEX%24%24ALL_1414&BaseCurrencyId=MXN","-","https://es-us.finanzas.yahoo.com/q/hp?s=AXESEDMA.MX","AXESEDM A",,"-","Otros","http://www.morningstar.com.mx/mx/funds/snapshot/snapshot.aspx?id=F00000VZUD","14/04/2015","-"
"S&P Valmer MEX CETES 28D","http://lt.morningstar.com/7ap7omrzjm/snapshot/snapshot.aspx?id=F000005N3O&SecurityToken=F000005N3O%5d2%5d1%5dFOMEX%24%24ALL_1414&clearcache=true&ClientFund=1&LanguageId=es-MX&CurrencyId=MXN&UniverseId=FOMEX%24%24ALL_1414&BaseCurrencyId=MXN","Deuda PM - Mercado de dinero","https://es-us.finanzas.yahoo.com/q/hp?s=AXESCPM3.MX","AXESCP M3",,"Personas morales","Deuda Gubernamental - Corto Plazo","http://www.morningstar.com.mx/mx/funds/snapshot/snapshot.aspx?id=F000005N3O","17/12/2009","Deuda"
"S&P Valmer MEX CETES 28D","http://lt.morningstar.com/7ap7omrzjm/snapshot/snapshot.aspx?id=F0000004ED&SecurityToken=F0000004ED%5d2%5d1%5dFOMEX%24%24ALL_1414&clearcache=true&ClientFund=1&LanguageId=es-MX&CurrencyId=MXN&UniverseId=FOMEX%24%24ALL_1414&BaseCurrencyId=MXN","Deuda PM - Mercado de dinero","https://es-us.finanzas.yahoo.com/q/hp?s=AXESCPM2.MX","AXESCP M2",,"Personas morales","Deuda Gubernamental - Corto Plazo","http://www.morningstar.com.mx/mx/funds/snapshot/snapshot.aspx?id=F0000004ED","01/10/2004","Deuda"
"S&P Valmer MEX CETES 28D","http://lt.morningstar.com/7ap7omrzjm/snapshot/snapshot.aspx?id=F0000004EI&SecurityToken=F0000004EI%5d2%5d1%5dFOMEX%24%24ALL_1414&clearcache=true&ClientFund=1&LanguageId=es-MX&CurrencyId=MXN&UniverseId=FOMEX%24%24ALL_1414&BaseCurrencyId=MXN","Deuda PM - Mercado de dinero","https://es-us.finanzas.yahoo.com/q/hp?s=AXESCPM1.MX","AXESCP M1",,"Personas morales","Deuda Gubernamental - Corto Plazo","http://www.morningstar.com.mx/mx/funds/snapshot/snapshot.aspx?id=F0000004EI","01/10/2004","Deuda"
"S&P Valmer MEX CETES 28D","http://lt.morningstar.com/7ap7omrzjm/snapshot/snapshot.aspx?id=F00000VZY5&SecurityToken=F00000VZY5%5d2%5d0%5dFOMEX%24%24ALL_1414&clearcache=true&ClientFund=0&LanguageId=es-MX&CurrencyId=MXN&UniverseId=FOMEX%24%24ALL_1414&BaseCurrencyId=MXN","Deuda PM - Mercado de dinero","https://es-us.finanzas.yahoo.com/q/hp?s=AXESCPFF1.MX","AXESCP FF1",,"Fondo de fondos","Deuda Gubernamental - Corto Plazo","http://www.morningstar.com.mx/mx/funds/snapshot/snapshot.aspx?id=F00000VZY5","29/05/2015","-"
"S&P Valmer MEX CETES 28D","http://lt.morningstar.com/7ap7omrzjm/snapshot/snapshot.aspx?id=F000005N3N&SecurityToken=F000005N3N%5d2%5d1%5dFOMEX%24%24ALL_1414&clearcache=true&ClientFund=1&LanguageId=es-MX&CurrencyId=MXN&UniverseId=FOMEX%24%24ALL_1414&BaseCurrencyId=MXN","Deuda PM - Mercado de dinero","https://es-us.finanzas.yahoo.com/q/hp?s=AXESCPF3.MX","AXESCP F3",,"Personas físicas","Deuda Gubernamental - Corto Plazo","http://www.morningstar.com.mx/mx/funds/snapshot/snapshot.aspx?id=F000005N3N","17/12/2009","Deuda"
"S&P Valmer MEX CETES 28D","http://lt.morningstar.com/7ap7omrzjm/snapshot/snapshot.aspx?id=F000005N3M&SecurityToken=F000005N3M%5d2%5d1%5dFOMEX%24%24ALL_1414&clearcache=true&ClientFund=1&LanguageId=es-MX&CurrencyId=MXN&UniverseId=FOMEX%24%24ALL_1414&BaseCurrencyId=MXN","Deuda PM - Mercado de dinero","https://es-us.finanzas.yahoo.com/q/hp?s=AXESCPF2.MX","AXESCP F2",,"Personas físicas","Deuda Gubernamental - Corto Plazo","http://www.morningstar.com.mx/mx/funds/snapshot/snapshot.aspx?id=F000005N3M","17/12/2009","Deuda"
"S&P Valmer MEX CETES 28D","http://lt.morningstar.com/7ap7omrzjm/snapshot/snapshot.aspx?id=F0000004EM&SecurityToken=F0000004EM%5d2%5d1%5dFOMEX%24%24ALL_1414&clearcache=true&ClientFund=1&LanguageId=es-MX&CurrencyId=MXN&UniverseId=FOMEX%24%24ALL_1414&BaseCurrencyId=MXN","Deuda PM - Mercado de dinero","https://es-us.finanzas.yahoo.com/q/hp?s=AXESCPF1.MX","AXESCP F1",,"Personas físicas","Deuda Gubernamental - Corto Plazo","http://www.morningstar.com.mx/mx/funds/snapshot/snapshot.aspx?id=F0000004EM","06/10/2000","Deuda"
"S&P Valmer MEX CETES 28D","http://lt.morningstar.com/7ap7omrzjm/snapshot/snapshot.aspx?id=F000001W6W&SecurityToken=F000001W6W%5d2%5d1%5dFOMEX%24%24ALL_1414&clearcache=true&ClientFund=1&LanguageId=es-MX&CurrencyId=MXN&UniverseId=FOMEX%24%24ALL_1414&BaseCurrencyId=MXN","Deuda PM - Mercado de dinero","https://es-us.finanzas.yahoo.com/q/hp?s=AXESCPE3.MX","AXESCP E3",,"No contribuyentes","Deuda Gubernamental - Corto Plazo","http://www.morningstar.com.mx/mx/funds/snapshot/snapshot.aspx?id=F000001W6W","13/03/2008","Deuda"
"S&P Valmer MEX CETES 28D","http://lt.morningstar.com/7ap7omrzjm/snapshot/snapshot.aspx?id=F0000016CV&SecurityToken=F0000016CV%5d2%5d1%5dFOMEX%24%24ALL_1414&clearcache=true&ClientFund=1&LanguageId=es-MX&CurrencyId=MXN&UniverseId=FOMEX%24%24ALL_1414&BaseCurrencyId=MXN","Deuda PM - Mercado de dinero","https://es-us.finanzas.yahoo.com/q/hp?s=AXESCPE2.MX","AXESCP E2",,"No contribuyentes","Deuda Gubernamental - Corto Plazo","http://www.morningstar.com.mx/mx/funds/snapshot/snapshot.aspx?id=F0000016CV","28/11/2006","Deuda"
"S&P Valmer MEX CETES 28D","http://lt.morningstar.com/7ap7omrzjm/snapshot/snapshot.aspx?id=F0000010CP&SecurityToken=F0000010CP%5d2%5d1%5dFOMEX%24%24ALL_1414&clearcache=true&ClientFund=1&LanguageId=es-MX&CurrencyId=MXN&UniverseId=FOMEX%24%24ALL_1414&BaseCurrencyId=MXN","Deuda PM - Mercado de dinero","https://es-us.finanzas.yahoo.com/q/hp?s=AXESCPE1.MX","AXESCP E1",,"No contribuyentes","Deuda Gubernamental - Corto Plazo","http://www.morningstar.com.mx/mx/funds/snapshot/snapshot.aspx?id=F0000010CP","28/11/2006","Deuda"
"20% VLMR_MEX_CETES_28D, 80% BMV IPC PR MXN","http://lt.morningstar.com/7ap7omrzjm/snapshot/snapshot.aspx?id=F00000VZUB&SecurityToken=F00000VZUB%5d2%5d0%5dFOMEX%24%24ALL_1414&clearcache=true&ClientFund=0&LanguageId=es-MX&CurrencyId=MXN&UniverseId=FOMEX%24%24ALL_1414&BaseCurrencyId=MXN","-","https://es-us.finanzas.yahoo.com/q/hp?s=AXESBMVM2.MX","AXESBMV M2",,"Personas morales","RV Mexico","http://www.morningstar.com.mx/mx/funds/snapshot/snapshot.aspx?id=F00000VZUB","04/05/2015","-"
"20% VLMR_MEX_CETES_28D, 80% BMV IPC PR MXN","http://lt.morningstar.com/7ap7omrzjm/snapshot/snapshot.aspx?id=F00000W58X&SecurityToken=F00000W58X%5d2%5d0%5dFOMEX%24%24ALL_1414&clearcache=true&ClientFund=0&LanguageId=es-MX&CurrencyId=MXN&UniverseId=FOMEX%24%24ALL_1414&BaseCurrencyId=MXN","-","https://es-us.finanzas.yahoo.com/q/hp?s=AXESBMVM1.MX","AXESBMV M1",,"Personas morales","RV Mexico","http://www.morningstar.com.mx/mx/funds/snapshot/snapshot.aspx?id=F00000W58X","19/05/2015","-"
"20% VLMR_MEX_CETES_28D, 80% BMV IPC PR MXN","http://lt.morningstar.com/7ap7omrzjm/snapshot/snapshot.aspx?id=F00000VZU5&SecurityToken=F00000VZU5%5d2%5d0%5dFOMEX%24%24ALL_1414&clearcache=true&ClientFund=0&LanguageId=es-MX&CurrencyId=MXN&UniverseId=FOMEX%24%24ALL_1414&BaseCurrencyId=MXN","-","https://es-us.finanzas.yahoo.com/q/hp?s=AXESBMVFF1.MX","AXESBMV FF1",,"Fondo de fondos","RV Mexico","http://www.morningstar.com.mx/mx/funds/snapshot/snapshot.aspx?id=F00000VZU5","19/05/2015","-"
"20% VLMR_MEX_CETES_28D, 80% BMV IPC PR MXN","http://lt.morningstar.com/7ap7omrzjm/snapshot/snapshot.aspx?id=F00000VZU3&SecurityToken=F00000VZU3%5d2%5d0%5dFOMEX%24%24ALL_1414&clearcache=true&ClientFund=0&LanguageId=es-MX&CurrencyId=MXN&UniverseId=FOMEX%24%24ALL_1414&BaseCurrencyId=MXN","-","https://es-us.finanzas.yahoo.com/q/hp?s=AXESBMVF3.MX","AXESBMV F3",,"Personas físicas","RV Mexico","http://www.morningstar.com.mx/mx/funds/snapshot/snapshot.aspx?id=F00000VZU3","23/04/2015","-"
"20% VLMR_MEX_CETES_28D, 80% BMV IPC PR MXN","http://lt.morningstar.com/7ap7omrzjm/snapshot/snapshot.aspx?id=F00000VZU9&SecurityToken=F00000VZU9%5d2%5d0%5dFOMEX%24%24ALL_1414&clearcache=true&ClientFund=0&LanguageId=es-MX&CurrencyId=MXN&UniverseId=FOMEX%24%24ALL_1414&BaseCurrencyId=MXN","-","https://es-us.finanzas.yahoo.com/q/hp?s=AXESBMVF2.MX","AXESBMV F2",,"Personas físicas","RV Mexico","http://www.morningstar.com.mx/mx/funds/snapshot/snapshot.aspx?id=F00000VZU9","23/04/2015","-"
"S&P Valmer MEX Tasa Variable Gub 12M","http://lt.morningstar.com/7ap7omrzjm/snapshot/snapshot.aspx?id=F0000016YI&SecurityToken=F0000016YI%5d2%5d1%5dFOMEX%24%24ALL_1414&clearcache=true&ClientFund=1&LanguageId=es-MX&CurrencyId=MXN&UniverseId=FOMEX%24%24ALL_1414&BaseCurrencyId=MXN","Dueda PF - Agresivo","https://es-us.finanzas.yahoo.com/q/hp?s=AXESMPE1.MX","AXESMP E1",,"No contribuyentes","Deuda Mediano Plazo","http://www.morningstar.com.mx/mx/funds/snapshot/snapshot.aspx?id=F0000016YI","28/11/2006","Deuda"
"20% S&P Valmer MEX CETES 182D, 40% S&P Valmer MEX UDIBonos 5A, 40% S&P Valmer MEX Bonos 5A","http://lt.morningstar.com/7ap7omrzjm/snapshot/snapshot.aspx?id=F00000W1GI&SecurityToken=F00000W1GI%5d2%5d0%5dFOMEX%24%24ALL_1414&clearcache=true&ClientFund=0&LanguageId=es-MX&CurrencyId=MXN&UniverseId=FOMEX%24%24ALL_1414&BaseCurrencyId=MXN","Deuda PF - Mercado de dinero","https://es-us.finanzas.yahoo.com/q/hp?s=AXESLPM3.MX","AXESLP M3",,"Personas morales","Deuda Otros","http://www.morningstar.com.mx/mx/funds/snapshot/snapshot.aspx?id=F00000W1GI","18/06/2015","-"
"20% S&P Valmer MEX CETES 182D, 40% S&P Valmer MEX UDIBonos 5A, 40% S&P Valmer MEX Bonos 5A","http://lt.morningstar.com/7ap7omrzjm/snapshot/snapshot.aspx?id=F00000VXW4&SecurityToken=F00000VXW4%5d2%5d0%5dFOMEX%24%24ALL_1414&clearcache=true&ClientFund=0&LanguageId=es-MX&CurrencyId=MXN&UniverseId=FOMEX%24%24ALL_1414&BaseCurrencyId=MXN","Deuda PF - Mercado de dinero","https://es-us.finanzas.yahoo.com/q/hp?s=AXESLPM2.MX","AXESLP M2",,"Personas morales","Deuda Otros","http://www.morningstar.com.mx/mx/funds/snapshot/snapshot.aspx?id=F00000VXW4","22/05/2015","-"
"20% S&P Valmer MEX CETES 182D, 40% S&P Valmer MEX UDIBonos 5A, 40% S&P Valmer MEX Bonos 5A","http://lt.morningstar.com/7ap7omrzjm/snapshot/snapshot.aspx?id=F0000004RO&SecurityToken=F0000004RO%5d2%5d1%5dFOMEX%24%24ALL_1414&clearcache=true&ClientFund=1&LanguageId=es-MX&CurrencyId=MXN&UniverseId=FOMEX%24%24ALL_1414&BaseCurrencyId=MXN","Deuda PF - Mercado de dinero","https://es-us.finanzas.yahoo.com/q/hp?s=AXESLPM1.MX","AXESLP M1",,"Personas morales","Deuda Otros","http://www.morningstar.com.mx/mx/funds/snapshot/snapshot.aspx?id=F0000004RO","01/10/2004","Deuda"
"20% S&P Valmer MEX CETES 182D, 40% S&P Valmer MEX UDIBonos 5A, 40% S&P Valmer MEX Bonos 5A","http://lt.morningstar.com/7ap7omrzjm/snapshot/snapshot.aspx?id=F00000VZY7&SecurityToken=F00000VZY7%5d2%5d0%5dFOMEX%24%24ALL_1414&clearcache=true&ClientFund=0&LanguageId=es-MX&CurrencyId=MXN&UniverseId=FOMEX%24%24ALL_1414&BaseCurrencyId=MXN","Deuda PF - Mercado de dinero","https://es-us.finanzas.yahoo.com/q/hp?s=AXESLPFF1.MX","AXESLP FF1",,"Fondo de fondos","Deuda Otros","http://www.morningstar.com.mx/mx/funds/snapshot/snapshot.aspx?id=F00000VZY7","27/05/2015","-"
"20% S&P Valmer MEX CETES 182D, 40% S&P Valmer MEX UDIBonos 5A, 40% S&P Valmer MEX Bonos 5A","http://lt.morningstar.com/7ap7omrzjm/snapshot/snapshot.aspx?id=F00000VZY6&SecurityToken=F00000VZY6%5d2%5d0%5dFOMEX%24%24ALL_1414&clearcache=true&ClientFund=0&LanguageId=es-MX&CurrencyId=MXN&UniverseId=FOMEX%24%24ALL_1414&BaseCurrencyId=MXN","Deuda PF - Mercado de dinero","https://es-us.finanzas.yahoo.com/q/hp?s=AXESLPF3.MX","AXESLP F3",,"Personas físicas","Deuda Otros","http://www.morningstar.com.mx/mx/funds/snapshot/snapshot.aspx?id=F00000VZY6","27/05/2015","-"
"20% S&P Valmer MEX CETES 182D, 40% S&P Valmer MEX UDIBonos 5A, 40% S&P Valmer MEX Bonos 5A","http://lt.morningstar.com/7ap7omrzjm/snapshot/snapshot.aspx?id=F000005N4X&SecurityToken=F000005N4X%5d2%5d1%5dFOMEX%24%24ALL_1414&clearcache=true&ClientFund=1&LanguageId=es-MX&CurrencyId=MXN&UniverseId=FOMEX%24%24ALL_1414&BaseCurrencyId=MXN","Deuda PF - Mercado de dinero","https://es-us.finanzas.yahoo.com/q/hp?s=AXESLPF2.MX","AXESLP F2",,"Personas físicas","Deuda Otros","http://www.morningstar.com.mx/mx/funds/snapshot/snapshot.aspx?id=F000005N4X","17/12/2009","Deuda"
"20% S&P Valmer MEX CETES 182D, 40% S&P Valmer MEX UDIBonos 5A, 40% S&P Valmer MEX Bonos 5A","http://lt.morningstar.com/7ap7omrzjm/snapshot/snapshot.aspx?id=F0000004RQ&SecurityToken=F0000004RQ%5d2%5d1%5dFOMEX%24%24ALL_1414&clearcache=true&ClientFund=1&LanguageId=es-MX&CurrencyId=MXN&UniverseId=FOMEX%24%24ALL_1414&BaseCurrencyId=MXN","Deuda PF - Mercado de dinero","https://es-us.finanzas.yahoo.com/q/hp?s=AXESLPF1.MX","AXESLP F1",,"Personas físicas","Deuda Otros","http://www.morningstar.com.mx/mx/funds/snapshot/snapshot.aspx?id=F0000004RQ","06/10/2000","Deuda"
"20% S&P Valmer MEX CETES 182D, 40% S&P Valmer MEX UDIBonos 5A, 40% S&P Valmer MEX Bonos 5A","http://lt.morningstar.com/7ap7omrzjm/snapshot/snapshot.aspx?id=F00000W58Y&SecurityToken=F00000W58Y%5d2%5d0%5dFOMEX%24%24ALL_1414&clearcache=true&ClientFund=0&LanguageId=es-MX&CurrencyId=MXN&UniverseId=FOMEX%24%24ALL_1414&BaseCurrencyId=MXN","Deuda PF - Mercado de dinero","https://es-us.finanzas.yahoo.com/q/hp?s=AXESLPE3.MX","AXESLP E3",,"No contribuyentes","Deuda Otros","http://www.morningstar.com.mx/mx/funds/snapshot/snapshot.aspx?id=F00000W58Y","02/07/2015","-"
"70% MSCI All Country World, 30% VLMR_MEX_CETES_28D","http://lt.morningstar.com/7ap7omrzjm/snapshot/snapshot.aspx?id=F00000VZUM&SecurityToken=F00000VZUM%5d2%5d0%5dFOMEX%24%24ALL_1414&clearcache=true&ClientFund=0&LanguageId=es-MX&CurrencyId=MXN&UniverseId=FOMEX%24%24ALL_1414&BaseCurrencyId=MXN","-","https://es-us.finanzas.yahoo.com/q/hp?s=AXESGLOM2.MX","AXESGLO M2",,"Personas morales","RV Global","http://www.morningstar.com.mx/mx/funds/snapshot/snapshot.aspx?id=F00000VZUM","04/05/2015","-"
"70% MSCI All Country World, 30% VLMR_MEX_CETES_28D","http://lt.morningstar.com/7ap7omrzjm/snapshot/snapshot.aspx?id=F00000VZUO&SecurityToken=F00000VZUO%5d2%5d0%5dFOMEX%24%24ALL_1414&clearcache=true&ClientFund=0&LanguageId=es-MX&CurrencyId=MXN&UniverseId=FOMEX%24%24ALL_1414&BaseCurrencyId=MXN","-","https://es-us.finanzas.yahoo.com/q/hp?s=AXESGLOM1.MX","AXESGLO M1",,"Personas morales","RV Global","http://www.morningstar.com.mx/mx/funds/snapshot/snapshot.aspx?id=F00000VZUO","19/05/2015","-"
